"nyuryoku_flg","prefecture_code","no","prefecture_name","municipality_name","event_name","event_name_kana","event_name_eng","start_date","end_date","start_time","end_time","special_note","description","price_basic","price_detail","contact_name","telephone_number","organizer","place_name","address","address_addinfo","latitude","longitude","access","parking_info","capacity","application_enddate","application_endtime","application_process","url","category","target","area","banner_flg","tag","remarks"
"0",,,,,"サンポートFACTプロジェクト社会実験2023→2025",,,2023-04-01T00:00:00.000Z,2026-03-31T00:00:00.000Z,,,,"サンポートエリアにおける公共空間の一部を開放し、飲食、物販、パフォーマンス、ワークショップなど、にぎわいの創出及び滞在性の向上に資する取組を行う利活用者（参画者）を募集します。",,,,"087-839-2455","高松市都市計画課","サンポートエリア",,,"34.35127","134.04734",,,,,,,"https://www.city.takamatsu.kagawa.jp/smph/kurashi/shinotorikumi/machidukuri/toshi/20220819.html","その他","全員","高松駅前広場","1","イベント",
"0",,,,,"さぬきマルシェinサンポート",,,2026-04-19T00:00:00.000Z,2026-04-19T00:00:00.000Z,"10:00","15:00",,"物販・飲食店のテントブースとキッチンカーの出店",,,,,"香川県県産品振興課","プロムナード",,,"34.3484775","134.0492375",,,,,,,,"買い物","全員","なし","0","イベント",
"0",,,,,"第2回文理祭",,,2026-10-17T00:00:00.000Z,2026-10-17T00:00:00.000Z,"10:00","16:00",,"大学祭の模擬店・キッチンカー又はイベントで利用",,,,,"徳島文理大学高松駅キャンパス（大学祭実行委員会）","プロムナード",,,"34.3484775","134.0492375",,,,,,,,"その他","全員","なし","0","イベント",
"0",,,,,"第2回文理祭",,,2026-10-18T00:00:00.000Z,2026-10-18T00:00:00.000Z,"10:00","16:00",,"大学祭の模擬店・キッチンカー又はイベントで利用",,,,,"徳島文理大学高松駅キャンパス（大学祭実行委員会）","プロムナード",,,"34.3484775","134.0492375",,,,,,,,"その他","全員","なし","0","イベント",
"0",,,,,"高松ミュージックブルーフェス2025",,,2026-05-04T00:00:00.000Z,2026-05-04T00:00:00.000Z,"11:00","18:00",,"街角から様々な音楽があふれ、コミュニティや年齢を超えて街行く人々が文化に出会い楽しむことを通して高松の賑わいを創出する「まちなかパフォーマンス事業」として開催",,,,,"MUSIC BLUE TAKAMATSU 実行委員会","駅前　北",,,"34.3510918","134.0472437",,,,,,,,"文化・芸術","全員","なし","0","イベント",
"0",,,,,"高松ミュージックブルーフェス2025",,,2026-05-05T00:00:00.000Z,2026-05-05T00:00:00.000Z,"11:00","18:00",,"街角から様々な音楽があふれ、コミュニティや年齢を超えて街行く人々が文化に出会い楽しむことを通して高松の賑わいを創出する「まちなかパフォーマンス事業」として開催",,,,,"MUSIC BLUE TAKAMATSU 実行委員会","駅前　北",,,"34.3510918","134.0472437",,,,,,,,"文化・芸術","全員","なし","0","イベント",
"0",,,,,"さぬきマルシェinサンポート",,,2026-05-17T00:00:00.000Z,2026-05-17T00:00:00.000Z,"10:00","15:00",,"物販・飲食店のテントブースとキッチンカーの出店",,,,,"香川県県産品振興課","プロムナード",,,"34.3484775","134.0492375",,,,,,,,"買い物","全員","なし","0","イベント",
"0",,,,,"さぬきマルシェinサンポート",,,2026-05-24T00:00:00.000Z,2026-05-24T00:00:00.000Z,"10:00","15:00",,"物販・飲食店のテントブースとキッチンカーの出店",,,,,"香川県県産品振興課","プロムナード",,,"34.3484775","134.0492375",,,,,,,,"買い物","全員","なし","0","イベント",
"0",,,,,"さぬきマルシェinサンポート",,,2026-06-21T00:00:00.000Z,2026-06-21T00:00:00.000Z,"10:00","15:00",,"物販・飲食店のテントブースとキッチンカーの出店",,,,,"香川県県産品振興課","プロムナード",,,"34.3484775","134.0492375",,,,,,,,"買い物","全員","なし","0","イベント",
"0",,,,,"さぬきマルシェinサンポート",,,2026-06-28T00:00:00.000Z,2026-06-28T00:00:00.000Z,"10:00","15:00",,"物販・飲食店のテントブースとキッチンカーの出店",,,,,"香川県県産品振興課","プロムナード",,,"34.3484775","134.0492375",,,,,,,,"買い物","全員","なし","0","イベント",
"0",,,,,"さぬきマルシェinサンポート",,,2026-09-21T00:00:00.000Z,2026-09-21T00:00:00.000Z,"10:00","15:00",,"物販・飲食店のテントブースとキッチンカーの出店",,,,,"香川県県産品振興課","プロムナード",,,"34.3484775","134.0492375",,,,,,,,"買い物","全員","なし","0","イベント",
"0",,,,,"さぬきマルシェinサンポート",,,2026-09-27T00:00:00.000Z,2026-09-27T00:00:00.000Z,"10:00","15:00",,"物販・飲食店のテントブースとキッチンカーの出店",,,,,"香川県県産品振興課","プロムナード",,,"34.3484775","134.0492375",,,,,,,,"買い物","全員","なし","0","イベント",
"0",,,,,"さぬきマルシェinサンポート",,,2026-10-18T00:00:00.000Z,2026-10-18T00:00:00.000Z,"10:00","15:00",,"物販・飲食店のテントブースとキッチンカーの出店",,,,,"香川県県産品振興課","歩行者道路",,,"34.3520429","134.0464953",,,,,,,,"買い物","全員","なし","0","イベント",
"0",,,,,"さぬきマルシェinサンポート",,,2026-10-25T00:00:00.000Z,2026-10-25T00:00:00.000Z,"10:00","15:00",,"物販・飲食店のテントブースとキッチンカーの出店",,,,,"香川県県産品振興課","プロムナード",,,"34.3484775","134.0492375",,,,,,,,"買い物","全員","なし","0","イベント",
"0",,,,,"さぬきマルシェinサンポート",,,2026-11-01T00:00:00.000Z,2026-11-01T00:00:00.000Z,"10:00","15:00",,"物販・飲食店のテントブースとキッチンカーの出店",,,,,"香川県県産品振興課","プロムナード",,,"34.3484775","134.0492375",,,,,,,,"買い物","全員","なし","0","イベント",
"0",,,,,"さぬきマルシェinサンポート",,,2026-11-15T00:00:00.000Z,2026-11-15T00:00:00.000Z,"10:00","15:00",,"物販・飲食店のテントブースとキッチンカーの出店",,,,,"香川県県産品振興課","プロムナード",,,"34.3484775","134.0492375",,,,,,,,"買い物","全員","なし","0","イベント",
"0",,,,,"さぬきマルシェinサンポート",,,2027-01-17T00:00:00.000Z,2027-01-17T00:00:00.000Z,"10:00","15:00",,"物販・飲食店のテントブースとキッチンカーの出店",,,,,"香川県県産品振興課","プロムナード",,,"34.3484775","134.0492375",,,,,,,,"買い物","全員","なし","0","イベント",
"0",,,,,"さぬきマルシェinサンポート",,,2027-01-24T00:00:00.000Z,2027-01-24T00:00:00.000Z,"10:00","15:00",,"物販・飲食店のテントブースとキッチンカーの出店",,,,,"香川県県産品振興課","プロムナード",,,"34.3484775","134.0492375",,,,,,,,"買い物","全員","なし","0","イベント",
"0",,,,,"さぬきマルシェinサンポート",,,2027-02-07T00:00:00.000Z,2027-02-07T00:00:00.000Z,"10:00","15:00",,"物販・飲食店のテントブースとキッチンカーの出店",,,,,"香川県県産品振興課","プロムナード",,,"34.3484775","134.0492375",,,,,,,,"買い物","全員","なし","0","イベント",
"0",,,,,"さぬきマルシェinサンポート",,,2027-02-21T00:00:00.000Z,2027-02-21T00:00:00.000Z,"10:00","15:00",,"物販・飲食店のテントブースとキッチンカーの出店",,,,,"香川県県産品振興課","プロムナード",,,"34.3484775","134.0492375",,,,,,,,"買い物","全員","なし","0","イベント",
"0",,,,,"さぬきマルシェinサンポート",,,2027-02-28T00:00:00.000Z,2027-02-28T00:00:00.000Z,"10:00","15:00",,"物販・飲食店のテントブースとキッチンカーの出店",,,,,"香川県県産品振興課","プロムナード",,,"34.3484775","134.0492375",,,,,,,,"買い物","全員","なし","0","イベント",
"0",,,,,"さぬきマルシェinサンポート",,,2027-03-07T00:00:00.000Z,2027-03-07T00:00:00.000Z,"10:00","15:00",,"物販・飲食店のテントブースとキッチンカーの出店",,,,,"香川県県産品振興課","プロムナード",,,"34.3484775","134.0492375",,,,,,,,"買い物","全員","なし","0","イベント",
"0",,,,,"さぬきマルシェinサンポート",,,2027-03-14T00:00:00.000Z,2027-03-14T00:00:00.000Z,"10:00","15:00",,"物販・飲食店のテントブースとキッチンカーの出店",,,,,"香川県県産品振興課","プロムナード",,,"34.3484775","134.0492375",,,,,,,,"買い物","全員","なし","0","イベント",
"0",,,,,"アロハフェスティバルin高松2026",,,2026-05-07T00:00:00.000Z,2026-05-07T00:00:00.000Z,"09:00","17:00",,"フライベントを催すことで、県内外の出演者等の参加を集め、高松の認知度を高めるとともにサンポート地区の活性化、ひいては高松を元気にすることを目的とする。
フラダンスやハワイアンバンドのステージ、ハワイグッズの物販やフード出店などを実施。
その他、地元団体とコラボレーションした展示等も実施予定",,,,,"アロハフェスティバルin高松実行委員会","駅前　北",,,"34.3510918","134.0472437",,,,,,,,"音楽","全員","なし","0","イベント",
"0",,,,,"アロハフェスティバルin高松2026",,,2026-05-08T00:00:00.000Z,2026-05-08T00:00:00.000Z,"09:00","17:00",,"イベント内容（資料の添付でも可）：フライベントを催すことで、県内外の出演者等の参加を集め、高松の認知度を高めるとともにサンポート地区の活性化、ひいては高松を元気にすることを目的とする。
フラダンスやハワイアンバンドのステージ、ハワイグッズの物販やフード出店などを実施。
その他、地元団体とコラボレーションした展示等も実施予定",,,,,"アロハフェスティバルin高松実行委員会","駅前　北",,,"34.3510918","134.0472437",,,,,,,,"音楽","全員","なし","0","イベント",
"0",,,,,"アロハフェスティバルin高松2026",,,2026-05-09T00:00:00.000Z,2026-05-09T00:00:00.000Z,"09:00","17:00",,"イベント内容（資料の添付でも可）：フライベントを催すことで、県内外の出演者等の参加を集め、高松の認知度を高めるとともにサンポート地区の活性化、ひいては高松を元気にすることを目的とする。
フラダンスやハワイアンバンドのステージ、ハワイグッズの物販やフード出店などを実施。
その他、地元団体とコラボレーションした展示等も実施予定",,,,,"アロハフェスティバルin高松実行委員会","駅前　北",,,"34.3510918","134.0472437",,,,,,,,"音楽","全員","なし","0","イベント",
"0",,,,,"アロハフェスティバルin高松2026",,,2026-05-10T00:00:00.000Z,2026-05-10T00:00:00.000Z,"09:00","17:00",,"イベント内容（資料の添付でも可）：フライベントを催すことで、県内外の出演者等の参加を集め、高松の認知度を高めるとともにサンポート地区の活性化、ひいては高松を元気にすることを目的とする。
フラダンスやハワイアンバンドのステージ、ハワイグッズの物販やフード出店などを実施。
その他、地元団体とコラボレーションした展示等も実施予定",,,,,"アロハフェスティバルin高松実行委員会","駅前　北",,,"34.3510918","134.0472437",,,,,,,,"音楽","全員","なし","0","イベント",
"0",,,,,"あなぶきアリーナ香川プロジェクションマッピング",,,2026-10-28T00:00:00.000Z,2026-10-28T00:00:00.000Z,"17:00","21:00",,"県立アリーナを活用した観光コンテンツづくり事業において、アリーナ北側屋根を利用したプロジェクションマッピングを開催する。
歩行者道路においては、キッチンカーの出店を行うとともに、北側多目的広場においても、キッチンカーの出店・イベント開催をすることで、にぎわいづくりの創出や滞在時間の長期化を図る。",,,,,"県立アリーナを活用した観光コンテンツづくり事業実行委員会","歩行者道路",,,"34.3520429","134.0464953",,,,,,,,"季節のイベント","全員","なし","0","イベント",
"0",,,,,"あなぶきアリーナ香川プロジェクションマッピング",,,2026-10-29T00:00:00.000Z,2026-10-29T00:00:00.000Z,"17:00","21:00",,"県立アリーナを活用した観光コンテンツづくり事業において、アリーナ北側屋根を利用したプロジェクションマッピングを開催する。
歩行者道路においては、キッチンカーの出店を行うとともに、北側多目的広場においても、キッチンカーの出店・イベント開催をすることで、にぎわいづくりの創出や滞在時間の長期化を図る。",,,,,"県立アリーナを活用した観光コンテンツづくり事業実行委員会","歩行者道路",,,"34.3520429","134.0464953",,,,,,,,"季節のイベント","全員","なし","0","イベント",
"0",,,,,"あなぶきアリーナ香川プロジェクションマッピング",,,2026-10-30T00:00:00.000Z,2026-10-30T00:00:00.000Z,"17:00","21:00",,"県立アリーナを活用した観光コンテンツづくり事業において、アリーナ北側屋根を利用したプロジェクションマッピングを開催する。
歩行者道路においては、キッチンカーの出店を行うとともに、北側多目的広場においても、キッチンカーの出店・イベント開催をすることで、にぎわいづくりの創出や滞在時間の長期化を図る。",,,,,"県立アリーナを活用した観光コンテンツづくり事業実行委員会","歩行者道路",,,"34.3520429","134.0464953",,,,,,,,"季節のイベント","全員","なし","0","イベント",
"0",,,,,"あなぶきアリーナ香川プロジェクションマッピング",,,2026-10-31T00:00:00.000Z,2026-10-31T00:00:00.000Z,"17:00","21:00",,"県立アリーナを活用した観光コンテンツづくり事業において、アリーナ北側屋根を利用したプロジェクションマッピングを開催する。
歩行者道路においては、キッチンカーの出店を行うとともに、北側多目的広場においても、キッチンカーの出店・イベント開催をすることで、にぎわいづくりの創出や滞在時間の長期化を図る。",,,,,"県立アリーナを活用した観光コンテンツづくり事業実行委員会","歩行者道路",,,"34.3520429","134.0464953",,,,,,,,"季節のイベント","全員","なし","0","イベント",
"0",,,,,"あなぶきアリーナ香川プロジェクションマッピング",,,2026-12-07T00:00:00.000Z,2026-12-07T00:00:00.000Z,"17:00","21:00",,"立アリーナを活用した観光コンテンツづくり事業において、アリーナ北側屋根を利用したプロジェクションマッピングを開催する。
歩行者道路においては、キッチンカーの出店を行うとともに、北側多目的広場においても、キッチンカーの出店・イベント開催をすることで、にぎわいづくりの創出や滞在時間の長期化を図る。",,,,,"県立アリーナを活用した観光コンテンツづくり事業実行委員会","歩行者道路",,,"34.3520429","134.0464953",,,,,,,,"季節のイベント","全員","なし","0","イベント",
"0",,,,,"あなぶきアリーナ香川プロジェクションマッピング",,,2026-12-08T00:00:00.000Z,2026-12-08T00:00:00.000Z,"09:00","17:00",,"県立アリーナを活用した観光コンテンツづくり事業において、アリーナ北側屋根を利用したプロジェクションマッピングを開催する。
歩行者道路においては、キッチンカーの出店を行うとともに、北側多目的広場においても、キッチンカーの出店・イベント開催をすることで、にぎわいづくりの創出や滞在時間の長期化を図る。",,,,,"県立アリーナを活用した観光コンテンツづくり事業実行委員会","歩行者道路",,,"34.3520429","134.0464953",,,,,,,,"季節のイベント","全員","なし","0","イベント",
"0",,,,,"あなぶきアリーナ香川プロジェクションマッピング",,,2026-12-09T00:00:00.000Z,2026-12-09T00:00:00.000Z,"17:00","21:00",,"県立アリーナを活用した観光コンテンツづくり事業において、アリーナ北側屋根を利用したプロジェクションマッピングを開催する。
歩行者道路においては、キッチンカーの出店を行うとともに、北側多目的広場においても、キッチンカーの出店・イベント開催をすることで、にぎわいづくりの創出や滞在時間の長期化を図る。",,,,,"県立アリーナを活用した観光コンテンツづくり事業実行委員会","歩行者道路",,,"34.3520429","134.0464953",,,,,,,,"季節のイベント","全員","なし","0","イベント",
"0",,,,,"あなぶきアリーナ香川プロジェクションマッピング",,,2026-12-10T00:00:00.000Z,2026-12-10T00:00:00.000Z,"17:00","21:00",,"県立アリーナを活用した観光コンテンツづくり事業において、アリーナ北側屋根を利用したプロジェクションマッピングを開催する。
歩行者道路においては、キッチンカーの出店を行うとともに、北側多目的広場においても、キッチンカーの出店・イベント開催をすることで、にぎわいづくりの創出や滞在時間の長期化を図る。",,,,,"県立アリーナを活用した観光コンテンツづくり事業実行委員会","歩行者道路",,,"34.3520429","134.0464953",,,,,,,,"季節のイベント","全員","なし","0","イベント",
"0",,,,,"あなぶきアリーナ香川プロジェクションマッピング",,,2026-12-11T00:00:00.000Z,2026-12-11T00:00:00.000Z,"17:00","21:00",,"県立アリーナを活用した観光コンテンツづくり事業において、アリーナ北側屋根を利用したプロジェクションマッピングを開催する。
歩行者道路においては、キッチンカーの出店を行うとともに、北側多目的広場においても、キッチンカーの出店・イベント開催をすることで、にぎわいづくりの創出や滞在時間の長期化を図る。",,,,,"県立アリーナを活用した観光コンテンツづくり事業実行委員会","歩行者道路",,,"34.3520429","134.0464953",,,,,,,,"季節のイベント","全員","なし","0","イベント",
"0",,,,,"あなぶきアリーナ香川プロジェクションマッピング",,,2026-12-12T00:00:00.000Z,2026-12-12T00:00:00.000Z,"17:00","21:00",,"県立アリーナを活用した観光コンテンツづくり事業において、アリーナ北側屋根を利用したプロジェクションマッピングを開催する。
歩行者道路においては、キッチンカーの出店を行うとともに、北側多目的広場においても、キッチンカーの出店・イベント開催をすることで、にぎわいづくりの創出や滞在時間の長期化を図る。",,,,,"県立アリーナを活用した観光コンテンツづくり事業実行委員会","歩行者道路",,,"34.3520429","134.0464953",,,,,,,,"季節のイベント","全員","なし","0","イベント",
"0",,,,,"あなぶきアリーナ香川プロジェクションマッピング",,,2026-12-13T00:00:00.000Z,2026-12-13T00:00:00.000Z,"17:00","21:00",,"県立アリーナを活用した観光コンテンツづくり事業において、アリーナ北側屋根を利用したプロジェクションマッピングを開催する。
歩行者道路においては、キッチンカーの出店を行うとともに、北側多目的広場においても、キッチンカーの出店・イベント開催をすることで、にぎわいづくりの創出や滞在時間の長期化を図る。",,,,,"県立アリーナを活用した観光コンテンツづくり事業実行委員会","歩行者道路",,,"34.3520429","134.0464953",,,,,,,,"季節のイベント","全員","なし","0","イベント",
"0",,,,,"あなぶきアリーナ香川プロジェクションマッピング",,,2026-12-14T00:00:00.000Z,2026-12-14T00:00:00.000Z,"11:00","21:00",,"県立アリーナを活用した観光コンテンツづくり事業において、アリーナ北側屋根を利用したプロジェクションマッピングを開催する。
歩行者道路においては、キッチンカーの出店を行うとともに、北側多目的広場においても、キッチンカーの出店・イベント開催をすることで、にぎわいづくりの創出や滞在時間の長期化を図る。",,,,,"県立アリーナを活用した観光コンテンツづくり事業実行委員会","歩行者道路",,,"34.3520429","134.0464953",,,,,,,,"季節のイベント","全員","なし","0","イベント",
"0",,,,,"あなぶきアリーナ香川プロジェクションマッピング",,,2026-12-15T00:00:00.000Z,2026-12-15T00:00:00.000Z,"11:00","21:00",,"県立アリーナを活用した観光コンテンツづくり事業において、アリーナ北側屋根を利用したプロジェクションマッピングを開催する。
歩行者道路においては、キッチンカーの出店を行うとともに、北側多目的広場においても、キッチンカーの出店・イベント開催をすることで、にぎわいづくりの創出や滞在時間の長期化を図る。",,,,,"県立アリーナを活用した観光コンテンツづくり事業実行委員会","歩行者道路",,,"34.3520429","134.0464953",,,,,,,,"季節のイベント","全員","なし","0","イベント",
"0",,,,,"あなぶきアリーナ香川プロジェクションマッピング",,,2026-12-16T00:00:00.000Z,2026-12-16T00:00:00.000Z,"11:00","21:00",,"県立アリーナを活用した観光コンテンツづくり事業において、アリーナ北側屋根を利用したプロジェクションマッピングを開催する。
歩行者道路においては、キッチンカーの出店を行うとともに、北側多目的広場においても、キッチンカーの出店・イベント開催をすることで、にぎわいづくりの創出や滞在時間の長期化を図る。",,,,,"県立アリーナを活用した観光コンテンツづくり事業実行委員会","歩行者道路",,,"34.3520429","134.0464953",,,,,,,,"季節のイベント","全員","なし","0","イベント",
"0",,,,,"あなぶきアリーナ香川プロジェクションマッピング",,,2026-12-17T00:00:00.000Z,2026-12-17T00:00:00.000Z,"11:00","21:00",,"県立アリーナを活用した観光コンテンツづくり事業において、アリーナ北側屋根を利用したプロジェクションマッピングを開催する。
歩行者道路においては、キッチンカーの出店を行うとともに、北側多目的広場においても、キッチンカーの出店・イベント開催をすることで、にぎわいづくりの創出や滞在時間の長期化を図る。",,,,,"県立アリーナを活用した観光コンテンツづくり事業実行委員会","歩行者道路",,,"34.3520429","134.0464953",,,,,,,,"季節のイベント","全員","なし","0","イベント",
"0",,,,,"あなぶきアリーナ香川プロジェクションマッピング",,,2026-12-18T00:00:00.000Z,2026-12-18T00:00:00.000Z,"11:00","21:00",,"県立アリーナを活用した観光コンテンツづくり事業において、アリーナ北側屋根を利用したプロジェクションマッピングを開催する。
歩行者道路においては、キッチンカーの出店を行うとともに、北側多目的広場においても、キッチンカーの出店・イベント開催をすることで、にぎわいづくりの創出や滞在時間の長期化を図る。",,,,,"県立アリーナを活用した観光コンテンツづくり事業実行委員会","歩行者道路",,,"34.3520429","134.0464953",,,,,,,,"季節のイベント","全員","なし","0","イベント",
"0",,,,,"あなぶきアリーナ香川プロジェクションマッピング",,,2026-12-19T00:00:00.000Z,2026-12-19T00:00:00.000Z,"11:00","21:00",,"県立アリーナを活用した観光コンテンツづくり事業において、アリーナ北側屋根を利用したプロジェクションマッピングを開催する。
歩行者道路においては、キッチンカーの出店を行うとともに、北側多目的広場においても、キッチンカーの出店・イベント開催をすることで、にぎわいづくりの創出や滞在時間の長期化を図る。",,,,,"県立アリーナを活用した観光コンテンツづくり事業実行委員会","歩行者道路",,,"34.3520429","134.0464953",,,,,,,,"季節のイベント","全員","なし","0","イベント",
"0",,,,,"あなぶきアリーナ香川プロジェクションマッピング",,,2026-12-20T00:00:00.000Z,2026-12-20T00:00:00.000Z,"11:00","21:00",,"県立アリーナを活用した観光コンテンツづくり事業において、アリーナ北側屋根を利用したプロジェクションマッピングを開催する。
歩行者道路においては、キッチンカーの出店を行うとともに、北側多目的広場においても、キッチンカーの出店・イベント開催をすることで、にぎわいづくりの創出や滞在時間の長期化を図る。",,,,,"県立アリーナを活用した観光コンテンツづくり事業実行委員会","歩行者道路",,,"34.3520429","134.0464953",,,,,,,,"季節のイベント","全員","なし","0","イベント",
"0",,,,,"あなぶきアリーナ香川プロジェクションマッピング",,,2026-12-21T00:00:00.000Z,2026-12-21T00:00:00.000Z,"11:00","21:00",,"県立アリーナを活用した観光コンテンツづくり事業において、アリーナ北側屋根を利用したプロジェクションマッピングを開催する。
歩行者道路においては、キッチンカーの出店を行うとともに、北側多目的広場においても、キッチンカーの出店・イベント開催をすることで、にぎわいづくりの創出や滞在時間の長期化を図る。",,,,,"県立アリーナを活用した観光コンテンツづくり事業実行委員会","歩行者道路",,,"34.3520429","134.0464953",,,,,,,,"季節のイベント","全員","なし","0","イベント",
"0",,,,,"あなぶきアリーナ香川プロジェクションマッピング",,,2026-12-22T00:00:00.000Z,2026-12-22T00:00:00.000Z,"11:00","21:00",,"県立アリーナを活用した観光コンテンツづくり事業において、アリーナ北側屋根を利用したプロジェクションマッピングを開催する。
歩行者道路においては、キッチンカーの出店を行うとともに、北側多目的広場においても、キッチンカーの出店・イベント開催をすることで、にぎわいづくりの創出や滞在時間の長期化を図る。",,,,,"県立アリーナを活用した観光コンテンツづくり事業実行委員会","歩行者道路",,,"34.3520429","134.0464953",,,,,,,,"季節のイベント","全員","なし","0","イベント",
"0",,,,,"あなぶきアリーナ香川プロジェクションマッピング",,,2026-12-23T00:00:00.000Z,2026-12-23T00:00:00.000Z,"11:00","21:00",,"県立アリーナを活用した観光コンテンツづくり事業において、アリーナ北側屋根を利用したプロジェクションマッピングを開催する。
歩行者道路においては、キッチンカーの出店を行うとともに、北側多目的広場においても、キッチンカーの出店・イベント開催をすることで、にぎわいづくりの創出や滞在時間の長期化を図る。",,,,,"県立アリーナを活用した観光コンテンツづくり事業実行委員会","歩行者道路",,,"34.3520429","134.0464953",,,,,,,,"季節のイベント","全員","なし","0","イベント",
"0",,,,,"あなぶきアリーナ香川プロジェクションマッピング",,,2026-12-24T00:00:00.000Z,2026-12-24T00:00:00.000Z,"11:00","21:00",,"県立アリーナを活用した観光コンテンツづくり事業において、アリーナ北側屋根を利用したプロジェクションマッピングを開催する。
歩行者道路においては、キッチンカーの出店を行うとともに、北側多目的広場においても、キッチンカーの出店・イベント開催をすることで、にぎわいづくりの創出や滞在時間の長期化を図る。",,,,,"県立アリーナを活用した観光コンテンツづくり事業実行委員会","歩行者道路",,,"34.3520429","134.0464953",,,,,,,,"季節のイベント","全員","なし","0","イベント",
"0",,,,,"あなぶきアリーナ香川プロジェクションマッピング",,,2026-12-25T00:00:00.000Z,2026-12-25T00:00:00.000Z,"11:00","21:00",,"県立アリーナを活用した観光コンテンツづくり事業において、アリーナ北側屋根を利用したプロジェクションマッピングを開催する。
歩行者道路においては、キッチンカーの出店を行うとともに、北側多目的広場においても、キッチンカーの出店・イベント開催をすることで、にぎわいづくりの創出や滞在時間の長期化を図る。",,,,,"県立アリーナを活用した観光コンテンツづくり事業実行委員会","歩行者道路",,,"34.3520429","134.0464953",,,,,,,,"季節のイベント","全員","なし","0","イベント",
"0",,,,,"あなぶきアリーナ香川プロジェクションマッピング",,,2026-12-26T00:00:00.000Z,2026-12-26T00:00:00.000Z,"09:00","17:00",,"県立アリーナを活用した観光コンテンツづくり事業において、アリーナ北側屋根を利用したプロジェクションマッピングを開催する。
歩行者道路においては、キッチンカーの出店を行うとともに、北側多目的広場においても、キッチンカーの出店・イベント開催をすることで、にぎわいづくりの創出や滞在時間の長期化を図る。",,,,,"県立アリーナを活用した観光コンテンツづくり事業実行委員会","歩行者道路",,,"34.3520429","134.0464953",,,,,,,,"季節のイベント","全員","なし","0","イベント",
"0",,,,,"あなぶきアリーナ香川プロジェクションマッピング",,,2026-12-27T00:00:00.000Z,2026-12-27T00:00:00.000Z,"11:00","21:00",,"県立アリーナを活用した観光コンテンツづくり事業において、アリーナ北側屋根を利用したプロジェクションマッピングを開催する。
歩行者道路においては、キッチンカーの出店を行うとともに、北側多目的広場においても、キッチンカーの出店・イベント開催をすることで、にぎわいづくりの創出や滞在時間の長期化を図る。",,,,,"県立アリーナを活用した観光コンテンツづくり事業実行委員会","歩行者道路",,,"34.3520429","134.0464953",,,,,,,,"季節のイベント","全員","なし","0","イベント",
"0",,,,,"あなぶきアリーナ香川プロジェクションマッピング",,,2026-12-28T00:00:00.000Z,2026-12-28T00:00:00.000Z,"11:00","21:00",,"県立アリーナを活用した観光コンテンツづくり事業において、アリーナ北側屋根を利用したプロジェクションマッピングを開催する。
歩行者道路においては、キッチンカーの出店を行うとともに、北側多目的広場においても、キッチンカーの出店・イベント開催をすることで、にぎわいづくりの創出や滞在時間の長期化を図る。",,,,,"県立アリーナを活用した観光コンテンツづくり事業実行委員会","歩行者道路",,,"34.3520429","134.0464953",,,,,,,,"季節のイベント","全員","なし","0","イベント",
"0",,,,,"あなぶきアリーナ香川プロジェクションマッピング",,,2027-02-11T00:00:00.000Z,2027-02-11T00:00:00.000Z,"17:00","21:00",,"県立アリーナを活用した観光コンテンツづくり事業において、アリーナ北側屋根を利用したプロジェクションマッピングを開催する。
歩行者道路においては、キッチンカーの出店を行うとともに、北側多目的広場においても、キッチンカーの出店・イベント開催をすることで、にぎわいづくりの創出や滞在時間の長期化を図る。",,,,,"県立アリーナを活用した観光コンテンツづくり事業実行委員会","歩行者道路",,,"34.3520429","134.0464953",,,,,,,,"季節のイベント","全員","なし","0","イベント",
"0",,,,,"あなぶきアリーナ香川プロジェクションマッピング",,,2027-02-12T00:00:00.000Z,2027-02-12T00:00:00.000Z,"17:00","21:00",,"県立アリーナを活用した観光コンテンツづくり事業において、アリーナ北側屋根を利用したプロジェクションマッピングを開催する。
歩行者道路においては、キッチンカーの出店を行うとともに、北側多目的広場においても、キッチンカーの出店・イベント開催をすることで、にぎわいづくりの創出や滞在時間の長期化を図る。",,,,,"県立アリーナを活用した観光コンテンツづくり事業実行委員会","歩行者道路",,,"34.3520429","134.0464953",,,,,,,,"季節のイベント","全員","なし","0","イベント",
"0",,,,,"あなぶきアリーナ香川プロジェクションマッピング",,,2027-02-13T00:00:00.000Z,2027-02-13T00:00:00.000Z,"09:00","17:00",,"立アリーナを活用した観光コンテンツづくり事業において、アリーナ北側屋根を利用したプロジェクションマッピングを開催する。
歩行者道路においては、キッチンカーの出店を行うとともに、北側多目的広場においても、キッチンカーの出店・イベント開催をすることで、にぎわいづくりの創出や滞在時間の長期化を図る。",,,,,"県立アリーナを活用した観光コンテンツづくり事業実行委員会","歩行者道路",,,"34.3520429","134.0464953",,,,,,,,"季節のイベント","全員","なし","0","イベント",
"0",,,,,"あなぶきアリーナ香川プロジェクションマッピング",,,2027-02-14T00:00:00.000Z,2027-02-14T00:00:00.000Z,"17:00","21:00",,"県立アリーナを活用した観光コンテンツづくり事業において、アリーナ北側屋根を利用したプロジェクションマッピングを開催する。
歩行者道路においては、キッチンカーの出店を行うとともに、北側多目的広場においても、キッチンカーの出店・イベント開催をすることで、にぎわいづくりの創出や滞在時間の長期化を図る。",,,,,"県立アリーナを活用した観光コンテンツづくり事業実行委員会","歩行者道路",,,"34.3520429","134.0464953",,,,,,,,"季節のイベント","全員","なし","0","イベント",
"0",,,,,"あなぶきアリーナ香川プロジェクションマッピング",,,2027-02-15T00:00:00.000Z,2027-02-15T00:00:00.000Z,"17:00","21:00",,"県立アリーナを活用した観光コンテンツづくり事業において、アリーナ北側屋根を利用したプロジェクションマッピングを開催する。
歩行者道路においては、キッチンカーの出店を行うとともに、北側多目的広場においても、キッチンカーの出店・イベント開催をすることで、にぎわいづくりの創出や滞在時間の長期化を図る。",,,,,"県立アリーナを活用した観光コンテンツづくり事業実行委員会","歩行者道路",,,"34.3520429","134.0464953",,,,,,,,"季節のイベント","全員","なし","0","イベント",
"0",,,,,"あなぶきアリーナ香川プロジェクションマッピング",,,2027-02-16T00:00:00.000Z,2027-02-16T00:00:00.000Z,"17:00","21:00",,"県立アリーナを活用した観光コンテンツづくり事業において、アリーナ北側屋根を利用したプロジェクションマッピングを開催する。
歩行者道路においては、キッチンカーの出店を行うとともに、北側多目的広場においても、キッチンカーの出店・イベント開催をすることで、にぎわいづくりの創出や滞在時間の長期化を図る。",,,,,"県立アリーナを活用した観光コンテンツづくり事業実行委員会","歩行者道路",,,"34.3520429","134.0464953",,,,,,,,"季節のイベント","全員","なし","0","イベント",
"0",,,,,"ガーデンプロムナードフェスティバル",,,2026-04-12T00:00:00.000Z,2026-04-12T00:00:00.000Z,"10:00","15:00",,"物販・飲食・ワークショップの出店。(テントブースおよびキッチンカー)
伝統芸能や音楽演奏などのイベントも不定期開催。",,,,,"香川県県産品振興課","プロムナード",,,"34.3484775","134.0492375",,,,,,,,"その他","全員","なし","0","イベント",
"0",,,,,"ガーデンプロムナードフェスティバル",,,2026-04-25T00:00:00.000Z,2026-04-25T00:00:00.000Z,"10:00","15:00",,"物販・飲食・ワークショップの出店。(テントブースおよびキッチンカー)
伝統芸能や音楽演奏などのイベントも不定期開催。",,,,,"香川県県産品振興課","プロムナード",,,"34.3484775","134.0492375",,,,,,,,"その他","全員","なし","0","イベント",
"0",,,,,"ガーデンプロムナードフェスティバル",,,2026-04-26T00:00:00.000Z,2026-04-26T00:00:00.000Z,"10:00","15:00",,"物販・飲食・ワークショップの出店。(テントブースおよびキッチンカー)
伝統芸能や音楽演奏などのイベントも不定期開催。",,,,,"香川県県産品振興課","プロムナード",,,"34.3484775","134.0492375",,,,,,,,"その他","全員","なし","0","イベント",
"0",,,,,"ガーデンプロムナードフェスティバル",,,2026-05-31T00:00:00.000Z,2026-05-31T00:00:00.000Z,"10:00","15:00",,"物販・飲食・ワークショップの出店。(テントブースおよびキッチンカー)
伝統芸能や音楽演奏などのイベントも不定期開催。",,,,,"香川県県産品振興課","プロムナード",,,"34.3484775","134.0492375",,,,,,,,"その他","全員","なし","0","イベント",
"0",,,,,"ガーデンプロムナードフェスティバル",,,2026-06-07T00:00:00.000Z,2026-06-07T00:00:00.000Z,"10:00","15:00",,"物販・飲食・ワークショップの出店。(テントブースおよびキッチンカー)
伝統芸能や音楽演奏などのイベントも不定期開催。",,,,,"香川県県産品振興課","プロムナード",,,"34.3484775","134.0492375",,,,,,,,"その他","全員","なし","0","イベント",
"0",,,,,"ガーデンプロムナードフェスティバル",,,2026-06-14T00:00:00.000Z,2026-06-14T00:00:00.000Z,"10:00","15:00",,"物販・飲食・ワークショップの出店。(テントブースおよびキッチンカー)
伝統芸能や音楽演奏などのイベントも不定期開催。",,,,,"香川県県産品振興課","プロムナード",,,"34.3484775","134.0492375",,,,,,,,"その他","全員","なし","0","イベント",
"0",,,,,"ガーデンプロムナードフェスティバル",,,2026-09-13T00:00:00.000Z,2026-09-13T00:00:00.000Z,"10:00","15:00",,"物販・飲食・ワークショップの出店。(テントブースおよびキッチンカー)
伝統芸能や音楽演奏などのイベントも不定期開催。",,,,,"香川県県産品振興課","プロムナード",,,"34.3484775","134.0492375",,,,,,,,"その他","全員","なし","0","イベント",
"0",,,,,"ガーデンプロムナードフェスティバル",,,2026-10-03T00:00:00.000Z,2026-10-03T00:00:00.000Z,"10:00","15:00",,"物販・飲食・ワークショップの出店。(テントブースおよびキッチンカー)
伝統芸能や音楽演奏などのイベントも不定期開催。",,,,,"香川県県産品振興課","プロムナード",,,"34.3484775","134.0492375",,,,,,,,"その他","全員","なし","0","イベント",
"0",,,,,"ガーデンプロムナードフェスティバル",,,2026-10-04T00:00:00.000Z,2026-10-04T00:00:00.000Z,"10:00","15:00",,"物販・飲食・ワークショップの出店。(テントブースおよびキッチンカー)
伝統芸能や音楽演奏などのイベントも不定期開催。",,,,,"香川県県産品振興課","プロムナード",,,"34.3484775","134.0492375",,,,,,,,"その他","全員","なし","0","イベント",
"0",,,,,"ガーデンプロムナードフェスティバル",,,2026-11-22T00:00:00.000Z,2026-11-22T00:00:00.000Z,"10:00","15:00",,"物販・飲食・ワークショップの出店。(テントブースおよびキッチンカー)
伝統芸能や音楽演奏などのイベントも不定期開催。",,,,,"香川県県産品振興課","プロムナード",,,"34.3484775","134.0492375",,,,,,,,"その他","全員","なし","0","イベント",
"0",,,,,"ガーデンプロムナードフェスティバル",,,2026-11-29T00:00:00.000Z,2026-11-29T00:00:00.000Z,"10:00","15:00",,"物販・飲食・ワークショップの出店。(テントブースおよびキッチンカー)
伝統芸能や音楽演奏などのイベントも不定期開催。",,,,,"香川県県産品振興課","プロムナード",,,"34.3484775","134.0492375",,,,,,,,"その他","全員","なし","0","イベント",
"0",,,,,"ガーデンプロムナードフェスティバル",,,2026-12-06T00:00:00.000Z,2026-12-06T00:00:00.000Z,"10:00","15:00",,"物販・飲食・ワークショップの出店。(テントブースおよびキッチンカー)
伝統芸能や音楽演奏などのイベントも不定期開催。",,,,,"香川県県産品振興課","プロムナード",,,"34.3484775","134.0492375",,,,,,,,"その他","全員","なし","0","イベント",
"0",,,,,"ガーデンプロムナードフェスティバル",,,2026-12-13T00:00:00.000Z,2026-12-13T00:00:00.000Z,"10:00","15:00",,"物販・飲食・ワークショップの出店。(テントブースおよびキッチンカー)
伝統芸能や音楽演奏などのイベントも不定期開催。",,,,,"香川県県産品振興課","プロムナード",,,"34.3484775","134.0492375",,,,,,,,"その他","全員","なし","0","イベント",
"0",,,,,"ガーデンプロムナードフェスティバル",,,2026-12-20T00:00:00.000Z,2026-12-20T00:00:00.000Z,"10:00","15:00",,"物販・飲食・ワークショップの出店。(テントブースおよびキッチンカー)
伝統芸能や音楽演奏などのイベントも不定期開催。",,,,,"香川県県産品振興課","プロムナード",,,"34.3484775","134.0492375",,,,,,,,"その他","全員","なし","0","イベント",
"0",,,,,"ガーデンプロムナードフェスティバル",,,2027-01-31T00:00:00.000Z,2027-01-31T00:00:00.000Z,"10:00","15:00",,"物販・飲食・ワークショップの出店。(テントブースおよびキッチンカー)
伝統芸能や音楽演奏などのイベントも不定期開催。",,,,,"香川県県産品振興課","プロムナード",,,"34.3484775","134.0492375",,,,,,,,"その他","全員","なし","0","イベント",
"0",,,,,"ガーデンプロムナードフェスティバル",,,2027-02-14T00:00:00.000Z,2027-02-14T00:00:00.000Z,"10:00","15:00",,"物販・飲食・ワークショップの出店。(テントブースおよびキッチンカー)
伝統芸能や音楽演奏などのイベントも不定期開催。",,,,,"香川県県産品振興課","プロムナード",,,"34.3484775","134.0492375",,,,,,,,"その他","全員","なし","0","イベント",
"0",,,,,"ガーデンプロムナードフェスティバル",,,2026-11-14T00:00:00.000Z,2026-11-14T00:00:00.000Z,"10:00","15:00",,"物販・飲食・ワークショップの出店。(テントブースおよびキッチンカー)
伝統芸能や音楽演奏などのイベントも不定期開催。",,,,,"香川県県産品振興課","プロムナード",,,"34.3484775","134.0492375",,,,,,,,"その他","全員","なし","0","イベント",
"0",,,,,"さぬき高松まつり",,,2026-08-11T00:00:00.000Z,2026-08-11T00:00:00.000Z,"09:00","17:00",,"さぬき高松まつりの開催",,,,,"高松まつり振興会","歩行者道路",,,"34.3520429","134.0464953",,,,,,,,"お祭り","全員","なし","0","イベント",
"0",,,,,"さぬき高松まつり",,,2026-08-12T00:00:00.000Z,2026-08-12T00:00:00.000Z,"09:00","20:00",,"さぬき高松まつりの開催",,,,,"高松まつり振興会","歩行者道路",,,"34.3520429","134.0464953",,,,,,,,"お祭り","全員","なし","0","イベント",
"0",,,,,"さぬき高松まつり",,,2026-08-13T00:00:00.000Z,2026-08-13T00:00:00.000Z,"09:00","20:00",,"さぬき高松まつりの開催",,,,,"高松まつり振興会","歩行者道路",,,"34.3520429","134.0464953",,,,,,,,"お祭り","全員","なし","0","イベント",
"0",,,,,"さぬき高松まつり",,,2026-08-13T00:00:00.000Z,2026-08-13T00:00:00.000Z,"09:00","21:00",,"さぬき高松まつりの開催",,,,,"高松まつり振興会","駅前　北",,,"34.3510918","134.0472437",,,,,,,,"お祭り","全員","なし","0","イベント",
"0",,,,,"さぬき高松まつり",,,2026-08-14T00:00:00.000Z,2026-08-14T00:00:00.000Z,"09:00","17:00",,"さぬき高松まつりの開催",,,,,"高松まつり振興会","歩行者道路",,,"34.3520429","134.0464953",,,,,,,,"お祭り","全員","なし","0","イベント",
"0",,,,,"季節のイベント",,,2026-11-02T00:00:00.000Z,2026-11-02T00:00:00.000Z,"12:00","21:00",,"季節のイベント",,,,,"香川県観光振興課","駅前　北",,,"34.3510918","134.0472437",,,,,,,,"季節のイベント","全員","なし","0","イベント",
"0",,,,,"季節のイベント",,,2026-11-03T00:00:00.000Z,2026-11-03T00:00:00.000Z,"12:00","21:00",,"季節のイベント",,,,,"香川県観光振興課","駅前　北",,,"34.3510918","134.0472437",,,,,,,,"季節のイベント","全員","なし","0","イベント",
"0",,,,,"季節のイベント",,,2026-11-04T00:00:00.000Z,2026-11-04T00:00:00.000Z,"12:00","21:00",,"季節のイベント",,,,,"香川県観光振興課","駅前　北",,,"34.3510918","134.0472437",,,,,,,,"季節のイベント","全員","なし","0","イベント",
"0",,,,,"季節のイベント",,,2026-11-05T00:00:00.000Z,2026-11-05T00:00:00.000Z,"12:00","21:00",,"季節のイベント",,,,,"香川県観光振興課","駅前　北",,,"34.3510918","134.0472437",,,,,,,,"季節のイベント","全員","なし","0","イベント",
"0",,,,,"季節のイベント",,,2026-11-06T00:00:00.000Z,2026-11-06T00:00:00.000Z,"12:00","21:00",,"季節のイベント",,,,,"香川県観光振興課","歩行者道路",,,"34.3520429","134.0464953",,,,,,,,"季節のイベント","全員","なし","0","イベント",
"0",,,,,"季節のイベント",,,2026-11-07T00:00:00.000Z,2026-11-07T00:00:00.000Z,"12:00","21:00",,"季節のイベント",,,,,"香川県観光振興課","駅前　北",,,"34.3510918","134.0472437",,,,,,,,"季節のイベント","全員","なし","0","イベント",
"0",,,,,"季節のイベント",,,2026-11-08T00:00:00.000Z,2026-11-08T00:00:00.000Z,"12:00","21:00",,"季節のイベント",,,,,"香川県観光振興課","歩行者道路",,,"34.3520429","134.0464953",,,,,,,,"季節のイベント","全員","なし","0","イベント",
"0",,,,,"季節のイベント",,,2026-11-09T00:00:00.000Z,2026-11-09T00:00:00.000Z,"12:00","21:00",,"季節のイベント",,,,,"香川県観光振興課","駅前　北",,,"34.3510918","134.0472437",,,,,,,,"季節のイベント","全員","なし","0","イベント",
"0",,,,,"さぬきマルシェinサンポート",,,2027-03-21T00:00:00.000Z,2027-03-21T00:00:00.000Z,"10:00","15:00",,"物販・飲食店のテントブースとキッチンカーの出店",,,,,"香川県県産品振興課","歩行者道路",,,"34.3520429","134.0464953",,,,,,,,"買い物","全員","なし","0","イベント",
"0",,,,,"shikoku meguru 春の収穫祭",,,2026-04-19T00:00:00.000Z,2026-04-19T00:00:00.000Z,"10:00","17:00",,"別途添付資料を参照",,,,,"shikoku meguru","駅前　北",,,"34.3510918","134.0472437",,,,,,,,"季節のイベント","全員","なし","0","イベント",
"0",,,,,"せとうちまつり vol.1",,,2026-04-05T00:00:00.000Z,2026-04-05T00:00:00.000Z,"12:00","20:00",,"キッチンカー、テント飲食が並ぶほか、地元アーティストによるライブパフォーマンスを展開。
春休み最後の日曜日に、地域の子ども達が遊びに来られるイベントを開催します。",,,,,"後藤匠人","駅前　北",,,"34.3510918","134.0472437",,,,,,,,"お祭り","全員","なし","0","イベント",
"0",,,,,"さぬきマルシェinサンポート",,,2026-04-19T00:00:00.000Z,2026-04-19T00:00:00.000Z,"10:00","15:00",,"物販・飲食店のテントブースとキッチンカーの出店",,,,,"香川県県産品振興課","プロムナード",,,"34.3484775","134.0492375",,,,,,,,"買い物","全員","なし","0","イベント",
"0",,,,,"第2回文理祭",,,2026-10-17T00:00:00.000Z,2026-10-17T00:00:00.000Z,"10:00","16:00",,"大学祭の模擬店・キッチンカー又はイベントで利用",,,,,"徳島文理大学高松駅キャンパス（大学祭実行委員会）","プロムナード",,,"34.3484775","134.0492375",,,,,,,,"その他","全員","なし","0","イベント",
"0",,,,,"第2回文理祭",,,2026-10-18T00:00:00.000Z,2026-10-18T00:00:00.000Z,"10:00","16:00",,"大学祭の模擬店・キッチンカー又はイベントで利用",,,,,"徳島文理大学高松駅キャンパス（大学祭実行委員会）","プロムナード",,,"34.3484775","134.0492375",,,,,,,,"その他","全員","なし","0","イベント",
"0",,,,,"高松ミュージックブルーフェス2025",,,2026-05-04T00:00:00.000Z,2026-05-04T00:00:00.000Z,"11:00","18:00",,"街角から様々な音楽があふれ、コミュニティや年齢を超えて街行く人々が文化に出会い楽しむことを通して高松の賑わいを創出する「まちなかパフォーマンス事業」として開催",,,,,"MUSIC BLUE TAKAMATSU 実行委員会","駅前　北",,,"34.3510918","134.0472437",,,,,,,,"文化・芸術","全員","なし","0","イベント",
"0",,,,,"高松ミュージックブルーフェス2025",,,2026-05-05T00:00:00.000Z,2026-05-05T00:00:00.000Z,"11:00","18:00",,"街角から様々な音楽があふれ、コミュニティや年齢を超えて街行く人々が文化に出会い楽しむことを通して高松の賑わいを創出する「まちなかパフォーマンス事業」として開催",,,,,"MUSIC BLUE TAKAMATSU 実行委員会","駅前　北",,,"34.3510918","134.0472437",,,,,,,,"文化・芸術","全員","なし","0","イベント",
"0",,,,,"さぬきマルシェinサンポート",,,2026-05-17T00:00:00.000Z,2026-05-17T00:00:00.000Z,"10:00","15:00",,"物販・飲食店のテントブースとキッチンカーの出店",,,,,"香川県県産品振興課","プロムナード",,,"34.3484775","134.0492375",,,,,,,,"買い物","全員","なし","0","イベント",
"0",,,,,"さぬきマルシェinサンポート",,,2026-05-24T00:00:00.000Z,2026-05-24T00:00:00.000Z,"10:00","15:00",,"物販・飲食店のテントブースとキッチンカーの出店",,,,,"香川県県産品振興課","プロムナード",,,"34.3484775","134.0492375",,,,,,,,"買い物","全員","なし","0","イベント",
"0",,,,,"さぬきマルシェinサンポート",,,2026-06-21T00:00:00.000Z,2026-06-21T00:00:00.000Z,"10:00","15:00",,"物販・飲食店のテントブースとキッチンカーの出店",,,,,"香川県県産品振興課","プロムナード",,,"34.3484775","134.0492375",,,,,,,,"買い物","全員","なし","0","イベント",
"0",,,,,"さぬきマルシェinサンポート",,,2026-06-28T00:00:00.000Z,2026-06-28T00:00:00.000Z,"10:00","15:00",,"物販・飲食店のテントブースとキッチンカーの出店",,,,,"香川県県産品振興課","プロムナード",,,"34.3484775","134.0492375",,,,,,,,"買い物","全員","なし","0","イベント",
"0",,,,,"さぬきマルシェinサンポート",,,2026-09-21T00:00:00.000Z,2026-09-21T00:00:00.000Z,"10:00","15:00",,"物販・飲食店のテントブースとキッチンカーの出店",,,,,"香川県県産品振興課","プロムナード",,,"34.3484775","134.0492375",,,,,,,,"買い物","全員","なし","0","イベント",
"0",,,,,"さぬきマルシェinサンポート",,,2026-09-27T00:00:00.000Z,2026-09-27T00:00:00.000Z,"10:00","15:00",,"物販・飲食店のテントブースとキッチンカーの出店",,,,,"香川県県産品振興課","プロムナード",,,"34.3484775","134.0492375",,,,,,,,"買い物","全員","なし","0","イベント",
"0",,,,,"さぬきマルシェinサンポート",,,2026-10-18T00:00:00.000Z,2026-10-18T00:00:00.000Z,"10:00","15:00",,"物販・飲食店のテントブースとキッチンカーの出店",,,,,"香川県県産品振興課","歩行者道路",,,"34.3520429","134.0464953",,,,,,,,"買い物","全員","なし","0","イベント",
"0",,,,,"さぬきマルシェinサンポート",,,2026-10-25T00:00:00.000Z,2026-10-25T00:00:00.000Z,"10:00","15:00",,"物販・飲食店のテントブースとキッチンカーの出店",,,,,"香川県県産品振興課","プロムナード",,,"34.3484775","134.0492375",,,,,,,,"買い物","全員","なし","0","イベント",
"0",,,,,"さぬきマルシェinサンポート",,,2026-11-01T00:00:00.000Z,2026-11-01T00:00:00.000Z,"10:00","15:00",,"物販・飲食店のテントブースとキッチンカーの出店",,,,,"香川県県産品振興課","プロムナード",,,"34.3484775","134.0492375",,,,,,,,"買い物","全員","なし","0","イベント",
"0",,,,,"さぬきマルシェinサンポート",,,2026-11-15T00:00:00.000Z,2026-11-15T00:00:00.000Z,"10:00","15:00",,"物販・飲食店のテントブースとキッチンカーの出店",,,,,"香川県県産品振興課","プロムナード",,,"34.3484775","134.0492375",,,,,,,,"買い物","全員","なし","0","イベント",
"0",,,,,"さぬきマルシェinサンポート",,,2027-01-17T00:00:00.000Z,2027-01-17T00:00:00.000Z,"10:00","15:00",,"物販・飲食店のテントブースとキッチンカーの出店",,,,,"香川県県産品振興課","プロムナード",,,"34.3484775","134.0492375",,,,,,,,"買い物","全員","なし","0","イベント",
"0",,,,,"さぬきマルシェinサンポート",,,2027-01-24T00:00:00.000Z,2027-01-24T00:00:00.000Z,"10:00","15:00",,"物販・飲食店のテントブースとキッチンカーの出店",,,,,"香川県県産品振興課","プロムナード",,,"34.3484775","134.0492375",,,,,,,,"買い物","全員","なし","0","イベント",
"0",,,,,"さぬきマルシェinサンポート",,,2027-02-07T00:00:00.000Z,2027-02-07T00:00:00.000Z,"10:00","15:00",,"物販・飲食店のテントブースとキッチンカーの出店",,,,,"香川県県産品振興課","プロムナード",,,"34.3484775","134.0492375",,,,,,,,"買い物","全員","なし","0","イベント",
"0",,,,,"さぬきマルシェinサンポート",,,2027-02-21T00:00:00.000Z,2027-02-21T00:00:00.000Z,"10:00","15:00",,"物販・飲食店のテントブースとキッチンカーの出店",,,,,"香川県県産品振興課","プロムナード",,,"34.3484775","134.0492375",,,,,,,,"買い物","全員","なし","0","イベント",
"0",,,,,"さぬきマルシェinサンポート",,,2027-02-28T00:00:00.000Z,2027-02-28T00:00:00.000Z,"10:00","15:00",,"物販・飲食店のテントブースとキッチンカーの出店",,,,,"香川県県産品振興課","プロムナード",,,"34.3484775","134.0492375",,,,,,,,"買い物","全員","なし","0","イベント",
"0",,,,,"さぬきマルシェinサンポート",,,2027-03-07T00:00:00.000Z,2027-03-07T00:00:00.000Z,"10:00","15:00",,"物販・飲食店のテントブースとキッチンカーの出店",,,,,"香川県県産品振興課","プロムナード",,,"34.3484775","134.0492375",,,,,,,,"買い物","全員","なし","0","イベント",
"0",,,,,"さぬきマルシェinサンポート",,,2027-03-14T00:00:00.000Z,2027-03-14T00:00:00.000Z,"10:00","15:00",,"物販・飲食店のテントブースとキッチンカーの出店",,,,,"香川県県産品振興課","プロムナード",,,"34.3484775","134.0492375",,,,,,,,"買い物","全員","なし","0","イベント",
"0",,,,,"アロハフェスティバルin高松2026",,,2026-05-07T00:00:00.000Z,2026-05-07T00:00:00.000Z,"09:00","17:00",,"フライベントを催すことで、県内外の出演者等の参加を集め、高松の認知度を高めるとともにサンポート地区の活性化、ひいては高松を元気にすることを目的とする。
フラダンスやハワイアンバンドのステージ、ハワイグッズの物販やフード出店などを実施。
その他、地元団体とコラボレーションした展示等も実施予定",,,,,"アロハフェスティバルin高松実行委員会","駅前　北",,,"34.3510918","134.0472437",,,,,,,,"音楽","全員","なし","0","イベント",
"0",,,,,"アロハフェスティバルin高松2026",,,2026-05-08T00:00:00.000Z,2026-05-08T00:00:00.000Z,"09:00","17:00",,"イベント内容（資料の添付でも可）：フライベントを催すことで、県内外の出演者等の参加を集め、高松の認知度を高めるとともにサンポート地区の活性化、ひいては高松を元気にすることを目的とする。
フラダンスやハワイアンバンドのステージ、ハワイグッズの物販やフード出店などを実施。
その他、地元団体とコラボレーションした展示等も実施予定",,,,,"アロハフェスティバルin高松実行委員会","駅前　北",,,"34.3510918","134.0472437",,,,,,,,"音楽","全員","なし","0","イベント",
"0",,,,,"アロハフェスティバルin高松2026",,,2026-05-09T00:00:00.000Z,2026-05-09T00:00:00.000Z,"09:00","17:00",,"イベント内容（資料の添付でも可）：フライベントを催すことで、県内外の出演者等の参加を集め、高松の認知度を高めるとともにサンポート地区の活性化、ひいては高松を元気にすることを目的とする。
フラダンスやハワイアンバンドのステージ、ハワイグッズの物販やフード出店などを実施。
その他、地元団体とコラボレーションした展示等も実施予定",,,,,"アロハフェスティバルin高松実行委員会","駅前　北",,,"34.3510918","134.0472437",,,,,,,,"音楽","全員","なし","0","イベント",
"0",,,,,"アロハフェスティバルin高松2026",,,2026-05-10T00:00:00.000Z,2026-05-10T00:00:00.000Z,"09:00","17:00",,"イベント内容（資料の添付でも可）：フライベントを催すことで、県内外の出演者等の参加を集め、高松の認知度を高めるとともにサンポート地区の活性化、ひいては高松を元気にすることを目的とする。
フラダンスやハワイアンバンドのステージ、ハワイグッズの物販やフード出店などを実施。
その他、地元団体とコラボレーションした展示等も実施予定",,,,,"アロハフェスティバルin高松実行委員会","駅前　北",,,"34.3510918","134.0472437",,,,,,,,"音楽","全員","なし","0","イベント",
"0",,,,,"あなぶきアリーナ香川プロジェクションマッピング",,,2026-10-28T00:00:00.000Z,2026-10-28T00:00:00.000Z,"17:00","21:00",,"県立アリーナを活用した観光コンテンツづくり事業において、アリーナ北側屋根を利用したプロジェクションマッピングを開催する。
歩行者道路においては、キッチンカーの出店を行うとともに、北側多目的広場においても、キッチンカーの出店・イベント開催をすることで、にぎわいづくりの創出や滞在時間の長期化を図る。",,,,,"県立アリーナを活用した観光コンテンツづくり事業実行委員会","歩行者道路",,,"34.3520429","134.0464953",,,,,,,,"季節のイベント","全員","なし","0","イベント",
"0",,,,,"あなぶきアリーナ香川プロジェクションマッピング",,,2026-10-29T00:00:00.000Z,2026-10-29T00:00:00.000Z,"17:00","21:00",,"県立アリーナを活用した観光コンテンツづくり事業において、アリーナ北側屋根を利用したプロジェクションマッピングを開催する。
歩行者道路においては、キッチンカーの出店を行うとともに、北側多目的広場においても、キッチンカーの出店・イベント開催をすることで、にぎわいづくりの創出や滞在時間の長期化を図る。",,,,,"県立アリーナを活用した観光コンテンツづくり事業実行委員会","歩行者道路",,,"34.3520429","134.0464953",,,,,,,,"季節のイベント","全員","なし","0","イベント",
"0",,,,,"あなぶきアリーナ香川プロジェクションマッピング",,,2026-10-30T00:00:00.000Z,2026-10-30T00:00:00.000Z,"17:00","21:00",,"県立アリーナを活用した観光コンテンツづくり事業において、アリーナ北側屋根を利用したプロジェクションマッピングを開催する。
歩行者道路においては、キッチンカーの出店を行うとともに、北側多目的広場においても、キッチンカーの出店・イベント開催をすることで、にぎわいづくりの創出や滞在時間の長期化を図る。",,,,,"県立アリーナを活用した観光コンテンツづくり事業実行委員会","歩行者道路",,,"34.3520429","134.0464953",,,,,,,,"季節のイベント","全員","なし","0","イベント",
"0",,,,,"あなぶきアリーナ香川プロジェクションマッピング",,,2026-10-31T00:00:00.000Z,2026-10-31T00:00:00.000Z,"17:00","21:00",,"県立アリーナを活用した観光コンテンツづくり事業において、アリーナ北側屋根を利用したプロジェクションマッピングを開催する。
歩行者道路においては、キッチンカーの出店を行うとともに、北側多目的広場においても、キッチンカーの出店・イベント開催をすることで、にぎわいづくりの創出や滞在時間の長期化を図る。",,,,,"県立アリーナを活用した観光コンテンツづくり事業実行委員会","歩行者道路",,,"34.3520429","134.0464953",,,,,,,,"季節のイベント","全員","なし","0","イベント",
"0",,,,,"あなぶきアリーナ香川プロジェクションマッピング",,,2026-12-07T00:00:00.000Z,2026-12-07T00:00:00.000Z,"17:00","21:00",,"立アリーナを活用した観光コンテンツづくり事業において、アリーナ北側屋根を利用したプロジェクションマッピングを開催する。
歩行者道路においては、キッチンカーの出店を行うとともに、北側多目的広場においても、キッチンカーの出店・イベント開催をすることで、にぎわいづくりの創出や滞在時間の長期化を図る。",,,,,"県立アリーナを活用した観光コンテンツづくり事業実行委員会","歩行者道路",,,"34.3520429","134.0464953",,,,,,,,"季節のイベント","全員","なし","0","イベント",
"0",,,,,"あなぶきアリーナ香川プロジェクションマッピング",,,2026-12-08T00:00:00.000Z,2026-12-08T00:00:00.000Z,"09:00","17:00",,"県立アリーナを活用した観光コンテンツづくり事業において、アリーナ北側屋根を利用したプロジェクションマッピングを開催する。
歩行者道路においては、キッチンカーの出店を行うとともに、北側多目的広場においても、キッチンカーの出店・イベント開催をすることで、にぎわいづくりの創出や滞在時間の長期化を図る。",,,,,"県立アリーナを活用した観光コンテンツづくり事業実行委員会","歩行者道路",,,"34.3520429","134.0464953",,,,,,,,"季節のイベント","全員","なし","0","イベント",
"0",,,,,"あなぶきアリーナ香川プロジェクションマッピング",,,2026-12-09T00:00:00.000Z,2026-12-09T00:00:00.000Z,"17:00","21:00",,"県立アリーナを活用した観光コンテンツづくり事業において、アリーナ北側屋根を利用したプロジェクションマッピングを開催する。
歩行者道路においては、キッチンカーの出店を行うとともに、北側多目的広場においても、キッチンカーの出店・イベント開催をすることで、にぎわいづくりの創出や滞在時間の長期化を図る。",,,,,"県立アリーナを活用した観光コンテンツづくり事業実行委員会","歩行者道路",,,"34.3520429","134.0464953",,,,,,,,"季節のイベント","全員","なし","0","イベント",
"0",,,,,"あなぶきアリーナ香川プロジェクションマッピング",,,2026-12-10T00:00:00.000Z,2026-12-10T00:00:00.000Z,"17:00","21:00",,"県立アリーナを活用した観光コンテンツづくり事業において、アリーナ北側屋根を利用したプロジェクションマッピングを開催する。
歩行者道路においては、キッチンカーの出店を行うとともに、北側多目的広場においても、キッチンカーの出店・イベント開催をすることで、にぎわいづくりの創出や滞在時間の長期化を図る。",,,,,"県立アリーナを活用した観光コンテンツづくり事業実行委員会","歩行者道路",,,"34.3520429","134.0464953",,,,,,,,"季節のイベント","全員","なし","0","イベント",
"0",,,,,"あなぶきアリーナ香川プロジェクションマッピング",,,2026-12-11T00:00:00.000Z,2026-12-11T00:00:00.000Z,"17:00","21:00",,"県立アリーナを活用した観光コンテンツづくり事業において、アリーナ北側屋根を利用したプロジェクションマッピングを開催する。
歩行者道路においては、キッチンカーの出店を行うとともに、北側多目的広場においても、キッチンカーの出店・イベント開催をすることで、にぎわいづくりの創出や滞在時間の長期化を図る。",,,,,"県立アリーナを活用した観光コンテンツづくり事業実行委員会","歩行者道路",,,"34.3520429","134.0464953",,,,,,,,"季節のイベント","全員","なし","0","イベント",
"0",,,,,"あなぶきアリーナ香川プロジェクションマッピング",,,2026-12-12T00:00:00.000Z,2026-12-12T00:00:00.000Z,"17:00","21:00",,"県立アリーナを活用した観光コンテンツづくり事業において、アリーナ北側屋根を利用したプロジェクションマッピングを開催する。
歩行者道路においては、キッチンカーの出店を行うとともに、北側多目的広場においても、キッチンカーの出店・イベント開催をすることで、にぎわいづくりの創出や滞在時間の長期化を図る。",,,,,"県立アリーナを活用した観光コンテンツづくり事業実行委員会","歩行者道路",,,"34.3520429","134.0464953",,,,,,,,"季節のイベント","全員","なし","0","イベント",
"0",,,,,"あなぶきアリーナ香川プロジェクションマッピング",,,2026-12-13T00:00:00.000Z,2026-12-13T00:00:00.000Z,"17:00","21:00",,"県立アリーナを活用した観光コンテンツづくり事業において、アリーナ北側屋根を利用したプロジェクションマッピングを開催する。
歩行者道路においては、キッチンカーの出店を行うとともに、北側多目的広場においても、キッチンカーの出店・イベント開催をすることで、にぎわいづくりの創出や滞在時間の長期化を図る。",,,,,"県立アリーナを活用した観光コンテンツづくり事業実行委員会","歩行者道路",,,"34.3520429","134.0464953",,,,,,,,"季節のイベント","全員","なし","0","イベント",
"0",,,,,"あなぶきアリーナ香川プロジェクションマッピング",,,2026-12-14T00:00:00.000Z,2026-12-14T00:00:00.000Z,"11:00","21:00",,"県立アリーナを活用した観光コンテンツづくり事業において、アリーナ北側屋根を利用したプロジェクションマッピングを開催する。
歩行者道路においては、キッチンカーの出店を行うとともに、北側多目的広場においても、キッチンカーの出店・イベント開催をすることで、にぎわいづくりの創出や滞在時間の長期化を図る。",,,,,"県立アリーナを活用した観光コンテンツづくり事業実行委員会","歩行者道路",,,"34.3520429","134.0464953",,,,,,,,"季節のイベント","全員","なし","0","イベント",
"0",,,,,"あなぶきアリーナ香川プロジェクションマッピング",,,2026-12-15T00:00:00.000Z,2026-12-15T00:00:00.000Z,"11:00","21:00",,"県立アリーナを活用した観光コンテンツづくり事業において、アリーナ北側屋根を利用したプロジェクションマッピングを開催する。
歩行者道路においては、キッチンカーの出店を行うとともに、北側多目的広場においても、キッチンカーの出店・イベント開催をすることで、にぎわいづくりの創出や滞在時間の長期化を図る。",,,,,"県立アリーナを活用した観光コンテンツづくり事業実行委員会","歩行者道路",,,"34.3520429","134.0464953",,,,,,,,"季節のイベント","全員","なし","0","イベント",
"0",,,,,"あなぶきアリーナ香川プロジェクションマッピング",,,2026-12-16T00:00:00.000Z,2026-12-16T00:00:00.000Z,"11:00","21:00",,"県立アリーナを活用した観光コンテンツづくり事業において、アリーナ北側屋根を利用したプロジェクションマッピングを開催する。
歩行者道路においては、キッチンカーの出店を行うとともに、北側多目的広場においても、キッチンカーの出店・イベント開催をすることで、にぎわいづくりの創出や滞在時間の長期化を図る。",,,,,"県立アリーナを活用した観光コンテンツづくり事業実行委員会","歩行者道路",,,"34.3520429","134.0464953",,,,,,,,"季節のイベント","全員","なし","0","イベント",
"0",,,,,"あなぶきアリーナ香川プロジェクションマッピング",,,2026-12-17T00:00:00.000Z,2026-12-17T00:00:00.000Z,"11:00","21:00",,"県立アリーナを活用した観光コンテンツづくり事業において、アリーナ北側屋根を利用したプロジェクションマッピングを開催する。
歩行者道路においては、キッチンカーの出店を行うとともに、北側多目的広場においても、キッチンカーの出店・イベント開催をすることで、にぎわいづくりの創出や滞在時間の長期化を図る。",,,,,"県立アリーナを活用した観光コンテンツづくり事業実行委員会","歩行者道路",,,"34.3520429","134.0464953",,,,,,,,"季節のイベント","全員","なし","0","イベント",
"0",,,,,"あなぶきアリーナ香川プロジェクションマッピング",,,2026-12-18T00:00:00.000Z,2026-12-18T00:00:00.000Z,"11:00","21:00",,"県立アリーナを活用した観光コンテンツづくり事業において、アリーナ北側屋根を利用したプロジェクションマッピングを開催する。
歩行者道路においては、キッチンカーの出店を行うとともに、北側多目的広場においても、キッチンカーの出店・イベント開催をすることで、にぎわいづくりの創出や滞在時間の長期化を図る。",,,,,"県立アリーナを活用した観光コンテンツづくり事業実行委員会","歩行者道路",,,"34.3520429","134.0464953",,,,,,,,"季節のイベント","全員","なし","0","イベント",
"0",,,,,"あなぶきアリーナ香川プロジェクションマッピング",,,2026-12-19T00:00:00.000Z,2026-12-19T00:00:00.000Z,"11:00","21:00",,"県立アリーナを活用した観光コンテンツづくり事業において、アリーナ北側屋根を利用したプロジェクションマッピングを開催する。
歩行者道路においては、キッチンカーの出店を行うとともに、北側多目的広場においても、キッチンカーの出店・イベント開催をすることで、にぎわいづくりの創出や滞在時間の長期化を図る。",,,,,"県立アリーナを活用した観光コンテンツづくり事業実行委員会","歩行者道路",,,"34.3520429","134.0464953",,,,,,,,"季節のイベント","全員","なし","0","イベント",
"0",,,,,"あなぶきアリーナ香川プロジェクションマッピング",,,2026-12-20T00:00:00.000Z,2026-12-20T00:00:00.000Z,"11:00","21:00",,"県立アリーナを活用した観光コンテンツづくり事業において、アリーナ北側屋根を利用したプロジェクションマッピングを開催する。
歩行者道路においては、キッチンカーの出店を行うとともに、北側多目的広場においても、キッチンカーの出店・イベント開催をすることで、にぎわいづくりの創出や滞在時間の長期化を図る。",,,,,"県立アリーナを活用した観光コンテンツづくり事業実行委員会","歩行者道路",,,"34.3520429","134.0464953",,,,,,,,"季節のイベント","全員","なし","0","イベント",
"0",,,,,"あなぶきアリーナ香川プロジェクションマッピング",,,2026-12-21T00:00:00.000Z,2026-12-21T00:00:00.000Z,"11:00","21:00",,"県立アリーナを活用した観光コンテンツづくり事業において、アリーナ北側屋根を利用したプロジェクションマッピングを開催する。
歩行者道路においては、キッチンカーの出店を行うとともに、北側多目的広場においても、キッチンカーの出店・イベント開催をすることで、にぎわいづくりの創出や滞在時間の長期化を図る。",,,,,"県立アリーナを活用した観光コンテンツづくり事業実行委員会","歩行者道路",,,"34.3520429","134.0464953",,,,,,,,"季節のイベント","全員","なし","0","イベント",
"0",,,,,"あなぶきアリーナ香川プロジェクションマッピング",,,2026-12-22T00:00:00.000Z,2026-12-22T00:00:00.000Z,"11:00","21:00",,"県立アリーナを活用した観光コンテンツづくり事業において、アリーナ北側屋根を利用したプロジェクションマッピングを開催する。
歩行者道路においては、キッチンカーの出店を行うとともに、北側多目的広場においても、キッチンカーの出店・イベント開催をすることで、にぎわいづくりの創出や滞在時間の長期化を図る。",,,,,"県立アリーナを活用した観光コンテンツづくり事業実行委員会","歩行者道路",,,"34.3520429","134.0464953",,,,,,,,"季節のイベント","全員","なし","0","イベント",
"0",,,,,"あなぶきアリーナ香川プロジェクションマッピング",,,2026-12-23T00:00:00.000Z,2026-12-23T00:00:00.000Z,"11:00","21:00",,"県立アリーナを活用した観光コンテンツづくり事業において、アリーナ北側屋根を利用したプロジェクションマッピングを開催する。
歩行者道路においては、キッチンカーの出店を行うとともに、北側多目的広場においても、キッチンカーの出店・イベント開催をすることで、にぎわいづくりの創出や滞在時間の長期化を図る。",,,,,"県立アリーナを活用した観光コンテンツづくり事業実行委員会","歩行者道路",,,"34.3520429","134.0464953",,,,,,,,"季節のイベント","全員","なし","0","イベント",
"0",,,,,"あなぶきアリーナ香川プロジェクションマッピング",,,2026-12-24T00:00:00.000Z,2026-12-24T00:00:00.000Z,"11:00","21:00",,"県立アリーナを活用した観光コンテンツづくり事業において、アリーナ北側屋根を利用したプロジェクションマッピングを開催する。
歩行者道路においては、キッチンカーの出店を行うとともに、北側多目的広場においても、キッチンカーの出店・イベント開催をすることで、にぎわいづくりの創出や滞在時間の長期化を図る。",,,,,"県立アリーナを活用した観光コンテンツづくり事業実行委員会","歩行者道路",,,"34.3520429","134.0464953",,,,,,,,"季節のイベント","全員","なし","0","イベント",
"0",,,,,"あなぶきアリーナ香川プロジェクションマッピング",,,2026-12-25T00:00:00.000Z,2026-12-25T00:00:00.000Z,"11:00","21:00",,"県立アリーナを活用した観光コンテンツづくり事業において、アリーナ北側屋根を利用したプロジェクションマッピングを開催する。
歩行者道路においては、キッチンカーの出店を行うとともに、北側多目的広場においても、キッチンカーの出店・イベント開催をすることで、にぎわいづくりの創出や滞在時間の長期化を図る。",,,,,"県立アリーナを活用した観光コンテンツづくり事業実行委員会","歩行者道路",,,"34.3520429","134.0464953",,,,,,,,"季節のイベント","全員","なし","0","イベント",
"0",,,,,"あなぶきアリーナ香川プロジェクションマッピング",,,2026-12-26T00:00:00.000Z,2026-12-26T00:00:00.000Z,"09:00","17:00",,"県立アリーナを活用した観光コンテンツづくり事業において、アリーナ北側屋根を利用したプロジェクションマッピングを開催する。
歩行者道路においては、キッチンカーの出店を行うとともに、北側多目的広場においても、キッチンカーの出店・イベント開催をすることで、にぎわいづくりの創出や滞在時間の長期化を図る。",,,,,"県立アリーナを活用した観光コンテンツづくり事業実行委員会","歩行者道路",,,"34.3520429","134.0464953",,,,,,,,"季節のイベント","全員","なし","0","イベント",
"0",,,,,"あなぶきアリーナ香川プロジェクションマッピング",,,2026-12-27T00:00:00.000Z,2026-12-27T00:00:00.000Z,"11:00","21:00",,"県立アリーナを活用した観光コンテンツづくり事業において、アリーナ北側屋根を利用したプロジェクションマッピングを開催する。
歩行者道路においては、キッチンカーの出店を行うとともに、北側多目的広場においても、キッチンカーの出店・イベント開催をすることで、にぎわいづくりの創出や滞在時間の長期化を図る。",,,,,"県立アリーナを活用した観光コンテンツづくり事業実行委員会","歩行者道路",,,"34.3520429","134.0464953",,,,,,,,"季節のイベント","全員","なし","0","イベント",
"0",,,,,"あなぶきアリーナ香川プロジェクションマッピング",,,2026-12-28T00:00:00.000Z,2026-12-28T00:00:00.000Z,"11:00","21:00",,"県立アリーナを活用した観光コンテンツづくり事業において、アリーナ北側屋根を利用したプロジェクションマッピングを開催する。
歩行者道路においては、キッチンカーの出店を行うとともに、北側多目的広場においても、キッチンカーの出店・イベント開催をすることで、にぎわいづくりの創出や滞在時間の長期化を図る。",,,,,"県立アリーナを活用した観光コンテンツづくり事業実行委員会","歩行者道路",,,"34.3520429","134.0464953",,,,,,,,"季節のイベント","全員","なし","0","イベント",
"0",,,,,"あなぶきアリーナ香川プロジェクションマッピング",,,2027-02-11T00:00:00.000Z,2027-02-11T00:00:00.000Z,"17:00","21:00",,"県立アリーナを活用した観光コンテンツづくり事業において、アリーナ北側屋根を利用したプロジェクションマッピングを開催する。
歩行者道路においては、キッチンカーの出店を行うとともに、北側多目的広場においても、キッチンカーの出店・イベント開催をすることで、にぎわいづくりの創出や滞在時間の長期化を図る。",,,,,"県立アリーナを活用した観光コンテンツづくり事業実行委員会","歩行者道路",,,"34.3520429","134.0464953",,,,,,,,"季節のイベント","全員","なし","0","イベント",
"0",,,,,"あなぶきアリーナ香川プロジェクションマッピング",,,2027-02-12T00:00:00.000Z,2027-02-12T00:00:00.000Z,"17:00","21:00",,"県立アリーナを活用した観光コンテンツづくり事業において、アリーナ北側屋根を利用したプロジェクションマッピングを開催する。
歩行者道路においては、キッチンカーの出店を行うとともに、北側多目的広場においても、キッチンカーの出店・イベント開催をすることで、にぎわいづくりの創出や滞在時間の長期化を図る。",,,,,"県立アリーナを活用した観光コンテンツづくり事業実行委員会","歩行者道路",,,"34.3520429","134.0464953",,,,,,,,"季節のイベント","全員","なし","0","イベント",
"0",,,,,"あなぶきアリーナ香川プロジェクションマッピング",,,2027-02-13T00:00:00.000Z,2027-02-13T00:00:00.000Z,"09:00","17:00",,"立アリーナを活用した観光コンテンツづくり事業において、アリーナ北側屋根を利用したプロジェクションマッピングを開催する。
歩行者道路においては、キッチンカーの出店を行うとともに、北側多目的広場においても、キッチンカーの出店・イベント開催をすることで、にぎわいづくりの創出や滞在時間の長期化を図る。",,,,,"県立アリーナを活用した観光コンテンツづくり事業実行委員会","歩行者道路",,,"34.3520429","134.0464953",,,,,,,,"季節のイベント","全員","なし","0","イベント",
"0",,,,,"あなぶきアリーナ香川プロジェクションマッピング",,,2027-02-14T00:00:00.000Z,2027-02-14T00:00:00.000Z,"17:00","21:00",,"県立アリーナを活用した観光コンテンツづくり事業において、アリーナ北側屋根を利用したプロジェクションマッピングを開催する。
歩行者道路においては、キッチンカーの出店を行うとともに、北側多目的広場においても、キッチンカーの出店・イベント開催をすることで、にぎわいづくりの創出や滞在時間の長期化を図る。",,,,,"県立アリーナを活用した観光コンテンツづくり事業実行委員会","歩行者道路",,,"34.3520429","134.0464953",,,,,,,,"季節のイベント","全員","なし","0","イベント",
"0",,,,,"あなぶきアリーナ香川プロジェクションマッピング",,,2027-02-15T00:00:00.000Z,2027-02-15T00:00:00.000Z,"17:00","21:00",,"県立アリーナを活用した観光コンテンツづくり事業において、アリーナ北側屋根を利用したプロジェクションマッピングを開催する。
歩行者道路においては、キッチンカーの出店を行うとともに、北側多目的広場においても、キッチンカーの出店・イベント開催をすることで、にぎわいづくりの創出や滞在時間の長期化を図る。",,,,,"県立アリーナを活用した観光コンテンツづくり事業実行委員会","歩行者道路",,,"34.3520429","134.0464953",,,,,,,,"季節のイベント","全員","なし","0","イベント",
"0",,,,,"あなぶきアリーナ香川プロジェクションマッピング",,,2027-02-16T00:00:00.000Z,2027-02-16T00:00:00.000Z,"17:00","21:00",,"県立アリーナを活用した観光コンテンツづくり事業において、アリーナ北側屋根を利用したプロジェクションマッピングを開催する。
歩行者道路においては、キッチンカーの出店を行うとともに、北側多目的広場においても、キッチンカーの出店・イベント開催をすることで、にぎわいづくりの創出や滞在時間の長期化を図る。",,,,,"県立アリーナを活用した観光コンテンツづくり事業実行委員会","歩行者道路",,,"34.3520429","134.0464953",,,,,,,,"季節のイベント","全員","なし","0","イベント",
"0",,,,,"ガーデンプロムナードフェスティバル",,,2026-04-12T00:00:00.000Z,2026-04-12T00:00:00.000Z,"10:00","15:00",,"物販・飲食・ワークショップの出店。(テントブースおよびキッチンカー)
伝統芸能や音楽演奏などのイベントも不定期開催。",,,,,"香川県県産品振興課","プロムナード",,,"34.3484775","134.0492375",,,,,,,,"その他","全員","なし","0","イベント",
"0",,,,,"ガーデンプロムナードフェスティバル",,,2026-04-25T00:00:00.000Z,2026-04-25T00:00:00.000Z,"10:00","15:00",,"物販・飲食・ワークショップの出店。(テントブースおよびキッチンカー)
伝統芸能や音楽演奏などのイベントも不定期開催。",,,,,"香川県県産品振興課","プロムナード",,,"34.3484775","134.0492375",,,,,,,,"その他","全員","なし","0","イベント",
"0",,,,,"ガーデンプロムナードフェスティバル",,,2026-04-26T00:00:00.000Z,2026-04-26T00:00:00.000Z,"10:00","15:00",,"物販・飲食・ワークショップの出店。(テントブースおよびキッチンカー)
伝統芸能や音楽演奏などのイベントも不定期開催。",,,,,"香川県県産品振興課","プロムナード",,,"34.3484775","134.0492375",,,,,,,,"その他","全員","なし","0","イベント",
"0",,,,,"ガーデンプロムナードフェスティバル",,,2026-05-31T00:00:00.000Z,2026-05-31T00:00:00.000Z,"10:00","15:00",,"物販・飲食・ワークショップの出店。(テントブースおよびキッチンカー)
伝統芸能や音楽演奏などのイベントも不定期開催。",,,,,"香川県県産品振興課","プロムナード",,,"34.3484775","134.0492375",,,,,,,,"その他","全員","なし","0","イベント",
"0",,,,,"ガーデンプロムナードフェスティバル",,,2026-06-07T00:00:00.000Z,2026-06-07T00:00:00.000Z,"10:00","15:00",,"物販・飲食・ワークショップの出店。(テントブースおよびキッチンカー)
伝統芸能や音楽演奏などのイベントも不定期開催。",,,,,"香川県県産品振興課","プロムナード",,,"34.3484775","134.0492375",,,,,,,,"その他","全員","なし","0","イベント",
"0",,,,,"ガーデンプロムナードフェスティバル",,,2026-06-14T00:00:00.000Z,2026-06-14T00:00:00.000Z,"10:00","15:00",,"物販・飲食・ワークショップの出店。(テントブースおよびキッチンカー)
伝統芸能や音楽演奏などのイベントも不定期開催。",,,,,"香川県県産品振興課","プロムナード",,,"34.3484775","134.0492375",,,,,,,,"その他","全員","なし","0","イベント",
"0",,,,,"ガーデンプロムナードフェスティバル",,,2026-09-13T00:00:00.000Z,2026-09-13T00:00:00.000Z,"10:00","15:00",,"物販・飲食・ワークショップの出店。(テントブースおよびキッチンカー)
伝統芸能や音楽演奏などのイベントも不定期開催。",,,,,"香川県県産品振興課","プロムナード",,,"34.3484775","134.0492375",,,,,,,,"その他","全員","なし","0","イベント",
"0",,,,,"ガーデンプロムナードフェスティバル",,,2026-10-03T00:00:00.000Z,2026-10-03T00:00:00.000Z,"10:00","15:00",,"物販・飲食・ワークショップの出店。(テントブースおよびキッチンカー)
伝統芸能や音楽演奏などのイベントも不定期開催。",,,,,"香川県県産品振興課","プロムナード",,,"34.3484775","134.0492375",,,,,,,,"その他","全員","なし","0","イベント",
"0",,,,,"ガーデンプロムナードフェスティバル",,,2026-10-04T00:00:00.000Z,2026-10-04T00:00:00.000Z,"10:00","15:00",,"物販・飲食・ワークショップの出店。(テントブースおよびキッチンカー)
伝統芸能や音楽演奏などのイベントも不定期開催。",,,,,"香川県県産品振興課","プロムナード",,,"34.3484775","134.0492375",,,,,,,,"その他","全員","なし","0","イベント",
"0",,,,,"ガーデンプロムナードフェスティバル",,,2026-11-22T00:00:00.000Z,2026-11-22T00:00:00.000Z,"10:00","15:00",,"物販・飲食・ワークショップの出店。(テントブースおよびキッチンカー)
伝統芸能や音楽演奏などのイベントも不定期開催。",,,,,"香川県県産品振興課","プロムナード",,,"34.3484775","134.0492375",,,,,,,,"その他","全員","なし","0","イベント",
"0",,,,,"ガーデンプロムナードフェスティバル",,,2026-11-29T00:00:00.000Z,2026-11-29T00:00:00.000Z,"10:00","15:00",,"物販・飲食・ワークショップの出店。(テントブースおよびキッチンカー)
伝統芸能や音楽演奏などのイベントも不定期開催。",,,,,"香川県県産品振興課","プロムナード",,,"34.3484775","134.0492375",,,,,,,,"その他","全員","なし","0","イベント",
"0",,,,,"ガーデンプロムナードフェスティバル",,,2026-12-06T00:00:00.000Z,2026-12-06T00:00:00.000Z,"10:00","15:00",,"物販・飲食・ワークショップの出店。(テントブースおよびキッチンカー)
伝統芸能や音楽演奏などのイベントも不定期開催。",,,,,"香川県県産品振興課","プロムナード",,,"34.3484775","134.0492375",,,,,,,,"その他","全員","なし","0","イベント",
"0",,,,,"ガーデンプロムナードフェスティバル",,,2026-12-13T00:00:00.000Z,2026-12-13T00:00:00.000Z,"10:00","15:00",,"物販・飲食・ワークショップの出店。(テントブースおよびキッチンカー)
伝統芸能や音楽演奏などのイベントも不定期開催。",,,,,"香川県県産品振興課","プロムナード",,,"34.3484775","134.0492375",,,,,,,,"その他","全員","なし","0","イベント",
"0",,,,,"ガーデンプロムナードフェスティバル",,,2026-12-20T00:00:00.000Z,2026-12-20T00:00:00.000Z,"10:00","15:00",,"物販・飲食・ワークショップの出店。(テントブースおよびキッチンカー)
伝統芸能や音楽演奏などのイベントも不定期開催。",,,,,"香川県県産品振興課","プロムナード",,,"34.3484775","134.0492375",,,,,,,,"その他","全員","なし","0","イベント",
"0",,,,,"ガーデンプロムナードフェスティバル",,,2027-01-31T00:00:00.000Z,2027-01-31T00:00:00.000Z,"10:00","15:00",,"物販・飲食・ワークショップの出店。(テントブースおよびキッチンカー)
伝統芸能や音楽演奏などのイベントも不定期開催。",,,,,"香川県県産品振興課","プロムナード",,,"34.3484775","134.0492375",,,,,,,,"その他","全員","なし","0","イベント",
"0",,,,,"ガーデンプロムナードフェスティバル",,,2027-02-14T00:00:00.000Z,2027-02-14T00:00:00.000Z,"10:00","15:00",,"物販・飲食・ワークショップの出店。(テントブースおよびキッチンカー)
伝統芸能や音楽演奏などのイベントも不定期開催。",,,,,"香川県県産品振興課","プロムナード",,,"34.3484775","134.0492375",,,,,,,,"その他","全員","なし","0","イベント",
"0",,,,,"ガーデンプロムナードフェスティバル",,,2026-11-14T00:00:00.000Z,2026-11-14T00:00:00.000Z,"10:00","15:00",,"物販・飲食・ワークショップの出店。(テントブースおよびキッチンカー)
伝統芸能や音楽演奏などのイベントも不定期開催。",,,,,"香川県県産品振興課","プロムナード",,,"34.3484775","134.0492375",,,,,,,,"その他","全員","なし","0","イベント",
"0",,,,,"さぬき高松まつり",,,2026-08-11T00:00:00.000Z,2026-08-11T00:00:00.000Z,"09:00","17:00",,"さぬき高松まつりの開催",,,,,"高松まつり振興会","歩行者道路",,,"34.3520429","134.0464953",,,,,,,,"お祭り","全員","なし","0","イベント",
"0",,,,,"さぬき高松まつり",,,2026-08-12T00:00:00.000Z,2026-08-12T00:00:00.000Z,"09:00","20:00",,"さぬき高松まつりの開催",,,,,"高松まつり振興会","歩行者道路",,,"34.3520429","134.0464953",,,,,,,,"お祭り","全員","なし","0","イベント",
"0",,,,,"さぬき高松まつり",,,2026-08-13T00:00:00.000Z,2026-08-13T00:00:00.000Z,"09:00","20:00",,"さぬき高松まつりの開催",,,,,"高松まつり振興会","歩行者道路",,,"34.3520429","134.0464953",,,,,,,,"お祭り","全員","なし","0","イベント",
"0",,,,,"さぬき高松まつり",,,2026-08-13T00:00:00.000Z,2026-08-13T00:00:00.000Z,"09:00","21:00",,"さぬき高松まつりの開催",,,,,"高松まつり振興会","駅前　北",,,"34.3510918","134.0472437",,,,,,,,"お祭り","全員","なし","0","イベント",
"0",,,,,"さぬき高松まつり",,,2026-08-14T00:00:00.000Z,2026-08-14T00:00:00.000Z,"09:00","17:00",,"さぬき高松まつりの開催",,,,,"高松まつり振興会","歩行者道路",,,"34.3520429","134.0464953",,,,,,,,"お祭り","全員","なし","0","イベント",
"0",,,,,"季節のイベント",,,2026-11-02T00:00:00.000Z,2026-11-02T00:00:00.000Z,"12:00","21:00",,"季節のイベント",,,,,"香川県観光振興課","駅前　北",,,"34.3510918","134.0472437",,,,,,,,"季節のイベント","全員","なし","0","イベント",
"0",,,,,"季節のイベント",,,2026-11-03T00:00:00.000Z,2026-11-03T00:00:00.000Z,"12:00","21:00",,"季節のイベント",,,,,"香川県観光振興課","駅前　北",,,"34.3510918","134.0472437",,,,,,,,"季節のイベント","全員","なし","0","イベント",
"0",,,,,"季節のイベント",,,2026-11-04T00:00:00.000Z,2026-11-04T00:00:00.000Z,"12:00","21:00",,"季節のイベント",,,,,"香川県観光振興課","駅前　北",,,"34.3510918","134.0472437",,,,,,,,"季節のイベント","全員","なし","0","イベント",
"0",,,,,"季節のイベント",,,2026-11-05T00:00:00.000Z,2026-11-05T00:00:00.000Z,"12:00","21:00",,"季節のイベント",,,,,"香川県観光振興課","駅前　北",,,"34.3510918","134.0472437",,,,,,,,"季節のイベント","全員","なし","0","イベント",
"0",,,,,"季節のイベント",,,2026-11-06T00:00:00.000Z,2026-11-06T00:00:00.000Z,"12:00","21:00",,"季節のイベント",,,,,"香川県観光振興課","歩行者道路",,,"34.3520429","134.0464953",,,,,,,,"季節のイベント","全員","なし","0","イベント",
"0",,,,,"季節のイベント",,,2026-11-07T00:00:00.000Z,2026-11-07T00:00:00.000Z,"12:00","21:00",,"季節のイベント",,,,,"香川県観光振興課","駅前　北",,,"34.3510918","134.0472437",,,,,,,,"季節のイベント","全員","なし","0","イベント",
"0",,,,,"季節のイベント",,,2026-11-08T00:00:00.000Z,2026-11-08T00:00:00.000Z,"12:00","21:00",,"季節のイベント",,,,,"香川県観光振興課","歩行者道路",,,"34.3520429","134.0464953",,,,,,,,"季節のイベント","全員","なし","0","イベント",
"0",,,,,"季節のイベント",,,2026-11-09T00:00:00.000Z,2026-11-09T00:00:00.000Z,"12:00","21:00",,"季節のイベント",,,,,"香川県観光振興課","駅前　北",,,"34.3510918","134.0472437",,,,,,,,"季節のイベント","全員","なし","0","イベント",
"0",,,,,"さぬきマルシェinサンポート",,,2027-03-21T00:00:00.000Z,2027-03-21T00:00:00.000Z,"10:00","15:00",,"物販・飲食店のテントブースとキッチンカーの出店",,,,,"香川県県産品振興課","歩行者道路",,,"34.3520429","134.0464953",,,,,,,,"買い物","全員","なし","0","イベント",
"0",,,,,"shikoku meguru 春の収穫祭",,,2026-04-19T00:00:00.000Z,2026-04-19T00:00:00.000Z,"10:00","17:00",,"別途添付資料を参照",,,,,"shikoku meguru","駅前　北",,,"34.3510918","134.0472437",,,,,,,,"季節のイベント","全員","なし","0","イベント",
"0",,,,,"せとうちまつり vol.1",,,2026-04-05T00:00:00.000Z,2026-04-05T00:00:00.000Z,"12:00","20:00",,"キッチンカー、テント飲食が並ぶほか、地元アーティストによるライブパフォーマンスを展開。
春休み最後の日曜日に、地域の子ども達が遊びに来られるイベントを開催します。",,,,,"後藤匠人","駅前　北",,,"34.3510918","134.0472437",,,,,,,,"お祭り","全員","なし","0","イベント",
"0",,,,,"さぬきマルシェinサンポート",,,2026-04-19T00:00:00.000Z,2026-04-19T00:00:00.000Z,"10:00","15:00",,"物販・飲食店のテントブースとキッチンカーの出店",,,,,"香川県県産品振興課","プロムナード",,,"34.3484775","134.0492375",,,,,,,,"買い物","全員","なし","0","イベント",
"0",,,,,"第2回文理祭",,,2026-10-17T00:00:00.000Z,2026-10-17T00:00:00.000Z,"10:00","16:00",,"大学祭の模擬店・キッチンカー又はイベントで利用",,,,,"徳島文理大学高松駅キャンパス（大学祭実行委員会）","プロムナード",,,"34.3484775","134.0492375",,,,,,,,"その他","全員","なし","0","イベント",
"0",,,,,"第2回文理祭",,,2026-10-18T00:00:00.000Z,2026-10-18T00:00:00.000Z,"10:00","16:00",,"大学祭の模擬店・キッチンカー又はイベントで利用",,,,,"徳島文理大学高松駅キャンパス（大学祭実行委員会）","プロムナード",,,"34.3484775","134.0492375",,,,,,,,"その他","全員","なし","0","イベント",
"0",,,,,"高松ミュージックブルーフェス2025",,,2026-05-04T00:00:00.000Z,2026-05-04T00:00:00.000Z,"11:00","18:00",,"街角から様々な音楽があふれ、コミュニティや年齢を超えて街行く人々が文化に出会い楽しむことを通して高松の賑わいを創出する「まちなかパフォーマンス事業」として開催",,,,,"MUSIC BLUE TAKAMATSU 実行委員会","駅前　北",,,"34.3510918","134.0472437",,,,,,,,"文化・芸術","全員","なし","0","イベント",
"0",,,,,"高松ミュージックブルーフェス2025",,,2026-05-05T00:00:00.000Z,2026-05-05T00:00:00.000Z,"11:00","18:00",,"街角から様々な音楽があふれ、コミュニティや年齢を超えて街行く人々が文化に出会い楽しむことを通して高松の賑わいを創出する「まちなかパフォーマンス事業」として開催",,,,,"MUSIC BLUE TAKAMATSU 実行委員会","駅前　北",,,"34.3510918","134.0472437",,,,,,,,"文化・芸術","全員","なし","0","イベント",
"0",,,,,"さぬきマルシェinサンポート",,,2026-05-17T00:00:00.000Z,2026-05-17T00:00:00.000Z,"10:00","15:00",,"物販・飲食店のテントブースとキッチンカーの出店",,,,,"香川県県産品振興課","プロムナード",,,"34.3484775","134.0492375",,,,,,,,"買い物","全員","なし","0","イベント",
"0",,,,,"さぬきマルシェinサンポート",,,2026-05-24T00:00:00.000Z,2026-05-24T00:00:00.000Z,"10:00","15:00",,"物販・飲食店のテントブースとキッチンカーの出店",,,,,"香川県県産品振興課","プロムナード",,,"34.3484775","134.0492375",,,,,,,,"買い物","全員","なし","0","イベント",
"0",,,,,"さぬきマルシェinサンポート",,,2026-06-21T00:00:00.000Z,2026-06-21T00:00:00.000Z,"10:00","15:00",,"物販・飲食店のテントブースとキッチンカーの出店",,,,,"香川県県産品振興課","プロムナード",,,"34.3484775","134.0492375",,,,,,,,"買い物","全員","なし","0","イベント",
"0",,,,,"さぬきマルシェinサンポート",,,2026-06-28T00:00:00.000Z,2026-06-28T00:00:00.000Z,"10:00","15:00",,"物販・飲食店のテントブースとキッチンカーの出店",,,,,"香川県県産品振興課","プロムナード",,,"34.3484775","134.0492375",,,,,,,,"買い物","全員","なし","0","イベント",
"0",,,,,"さぬきマルシェinサンポート",,,2026-09-21T00:00:00.000Z,2026-09-21T00:00:00.000Z,"10:00","15:00",,"物販・飲食店のテントブースとキッチンカーの出店",,,,,"香川県県産品振興課","プロムナード",,,"34.3484775","134.0492375",,,,,,,,"買い物","全員","なし","0","イベント",
"0",,,,,"さぬきマルシェinサンポート",,,2026-09-27T00:00:00.000Z,2026-09-27T00:00:00.000Z,"10:00","15:00",,"物販・飲食店のテントブースとキッチンカーの出店",,,,,"香川県県産品振興課","プロムナード",,,"34.3484775","134.0492375",,,,,,,,"買い物","全員","なし","0","イベント",
"0",,,,,"さぬきマルシェinサンポート",,,2026-10-18T00:00:00.000Z,2026-10-18T00:00:00.000Z,"10:00","15:00",,"物販・飲食店のテントブースとキッチンカーの出店",,,,,"香川県県産品振興課","歩行者道路",,,"34.3520429","134.0464953",,,,,,,,"買い物","全員","なし","0","イベント",
"0",,,,,"さぬきマルシェinサンポート",,,2026-10-25T00:00:00.000Z,2026-10-25T00:00:00.000Z,"10:00","15:00",,"物販・飲食店のテントブースとキッチンカーの出店",,,,,"香川県県産品振興課","プロムナード",,,"34.3484775","134.0492375",,,,,,,,"買い物","全員","なし","0","イベント",
"0",,,,,"さぬきマルシェinサンポート",,,2026-11-01T00:00:00.000Z,2026-11-01T00:00:00.000Z,"10:00","15:00",,"物販・飲食店のテントブースとキッチンカーの出店",,,,,"香川県県産品振興課","プロムナード",,,"34.3484775","134.0492375",,,,,,,,"買い物","全員","なし","0","イベント",
"0",,,,,"さぬきマルシェinサンポート",,,2026-11-15T00:00:00.000Z,2026-11-15T00:00:00.000Z,"10:00","15:00",,"物販・飲食店のテントブースとキッチンカーの出店",,,,,"香川県県産品振興課","プロムナード",,,"34.3484775","134.0492375",,,,,,,,"買い物","全員","なし","0","イベント",
"0",,,,,"さぬきマルシェinサンポート",,,2027-01-17T00:00:00.000Z,2027-01-17T00:00:00.000Z,"10:00","15:00",,"物販・飲食店のテントブースとキッチンカーの出店",,,,,"香川県県産品振興課","プロムナード",,,"34.3484775","134.0492375",,,,,,,,"買い物","全員","なし","0","イベント",
"0",,,,,"さぬきマルシェinサンポート",,,2027-01-24T00:00:00.000Z,2027-01-24T00:00:00.000Z,"10:00","15:00",,"物販・飲食店のテントブースとキッチンカーの出店",,,,,"香川県県産品振興課","プロムナード",,,"34.3484775","134.0492375",,,,,,,,"買い物","全員","なし","0","イベント",
"0",,,,,"さぬきマルシェinサンポート",,,2027-02-07T00:00:00.000Z,2027-02-07T00:00:00.000Z,"10:00","15:00",,"物販・飲食店のテントブースとキッチンカーの出店",,,,,"香川県県産品振興課","プロムナード",,,"34.3484775","134.0492375",,,,,,,,"買い物","全員","なし","0","イベント",
"0",,,,,"さぬきマルシェinサンポート",,,2027-02-21T00:00:00.000Z,2027-02-21T00:00:00.000Z,"10:00","15:00",,"物販・飲食店のテントブースとキッチンカーの出店",,,,,"香川県県産品振興課","プロムナード",,,"34.3484775","134.0492375",,,,,,,,"買い物","全員","なし","0","イベント",
"0",,,,,"さぬきマルシェinサンポート",,,2027-02-28T00:00:00.000Z,2027-02-28T00:00:00.000Z,"10:00","15:00",,"物販・飲食店のテントブースとキッチンカーの出店",,,,,"香川県県産品振興課","プロムナード",,,"34.3484775","134.0492375",,,,,,,,"買い物","全員","なし","0","イベント",
"0",,,,,"さぬきマルシェinサンポート",,,2027-03-07T00:00:00.000Z,2027-03-07T00:00:00.000Z,"10:00","15:00",,"物販・飲食店のテントブースとキッチンカーの出店",,,,,"香川県県産品振興課","プロムナード",,,"34.3484775","134.0492375",,,,,,,,"買い物","全員","なし","0","イベント",
"0",,,,,"さぬきマルシェinサンポート",,,2027-03-14T00:00:00.000Z,2027-03-14T00:00:00.000Z,"10:00","15:00",,"物販・飲食店のテントブースとキッチンカーの出店",,,,,"香川県県産品振興課","プロムナード",,,"34.3484775","134.0492375",,,,,,,,"買い物","全員","なし","0","イベント",
"0",,,,,"アロハフェスティバルin高松2026",,,2026-05-07T00:00:00.000Z,2026-05-07T00:00:00.000Z,"09:00","17:00",,"フライベントを催すことで、県内外の出演者等の参加を集め、高松の認知度を高めるとともにサンポート地区の活性化、ひいては高松を元気にすることを目的とする。
フラダンスやハワイアンバンドのステージ、ハワイグッズの物販やフード出店などを実施。
その他、地元団体とコラボレーションした展示等も実施予定",,,,,"アロハフェスティバルin高松実行委員会","駅前　北",,,"34.3510918","134.0472437",,,,,,,,"音楽","全員","なし","0","イベント",
"0",,,,,"アロハフェスティバルin高松2026",,,2026-05-08T00:00:00.000Z,2026-05-08T00:00:00.000Z,"09:00","17:00",,"イベント内容（資料の添付でも可）：フライベントを催すことで、県内外の出演者等の参加を集め、高松の認知度を高めるとともにサンポート地区の活性化、ひいては高松を元気にすることを目的とする。
フラダンスやハワイアンバンドのステージ、ハワイグッズの物販やフード出店などを実施。
その他、地元団体とコラボレーションした展示等も実施予定",,,,,"アロハフェスティバルin高松実行委員会","駅前　北",,,"34.3510918","134.0472437",,,,,,,,"音楽","全員","なし","0","イベント",
"0",,,,,"アロハフェスティバルin高松2026",,,2026-05-09T00:00:00.000Z,2026-05-09T00:00:00.000Z,"09:00","17:00",,"イベント内容（資料の添付でも可）：フライベントを催すことで、県内外の出演者等の参加を集め、高松の認知度を高めるとともにサンポート地区の活性化、ひいては高松を元気にすることを目的とする。
フラダンスやハワイアンバンドのステージ、ハワイグッズの物販やフード出店などを実施。
その他、地元団体とコラボレーションした展示等も実施予定",,,,,"アロハフェスティバルin高松実行委員会","駅前　北",,,"34.3510918","134.0472437",,,,,,,,"音楽","全員","なし","0","イベント",
"0",,,,,"アロハフェスティバルin高松2026",,,2026-05-10T00:00:00.000Z,2026-05-10T00:00:00.000Z,"09:00","17:00",,"イベント内容（資料の添付でも可）：フライベントを催すことで、県内外の出演者等の参加を集め、高松の認知度を高めるとともにサンポート地区の活性化、ひいては高松を元気にすることを目的とする。
フラダンスやハワイアンバンドのステージ、ハワイグッズの物販やフード出店などを実施。
その他、地元団体とコラボレーションした展示等も実施予定",,,,,"アロハフェスティバルin高松実行委員会","駅前　北",,,"34.3510918","134.0472437",,,,,,,,"音楽","全員","なし","0","イベント",
"0",,,,,"あなぶきアリーナ香川プロジェクションマッピング",,,2026-10-28T00:00:00.000Z,2026-10-28T00:00:00.000Z,"17:00","21:00",,"県立アリーナを活用した観光コンテンツづくり事業において、アリーナ北側屋根を利用したプロジェクションマッピングを開催する。
歩行者道路においては、キッチンカーの出店を行うとともに、北側多目的広場においても、キッチンカーの出店・イベント開催をすることで、にぎわいづくりの創出や滞在時間の長期化を図る。",,,,,"県立アリーナを活用した観光コンテンツづくり事業実行委員会","歩行者道路",,,"34.3520429","134.0464953",,,,,,,,"季節のイベント","全員","なし","0","イベント",
"0",,,,,"あなぶきアリーナ香川プロジェクションマッピング",,,2026-10-29T00:00:00.000Z,2026-10-29T00:00:00.000Z,"17:00","21:00",,"県立アリーナを活用した観光コンテンツづくり事業において、アリーナ北側屋根を利用したプロジェクションマッピングを開催する。
歩行者道路においては、キッチンカーの出店を行うとともに、北側多目的広場においても、キッチンカーの出店・イベント開催をすることで、にぎわいづくりの創出や滞在時間の長期化を図る。",,,,,"県立アリーナを活用した観光コンテンツづくり事業実行委員会","歩行者道路",,,"34.3520429","134.0464953",,,,,,,,"季節のイベント","全員","なし","0","イベント",
"0",,,,,"あなぶきアリーナ香川プロジェクションマッピング",,,2026-10-30T00:00:00.000Z,2026-10-30T00:00:00.000Z,"17:00","21:00",,"県立アリーナを活用した観光コンテンツづくり事業において、アリーナ北側屋根を利用したプロジェクションマッピングを開催する。
歩行者道路においては、キッチンカーの出店を行うとともに、北側多目的広場においても、キッチンカーの出店・イベント開催をすることで、にぎわいづくりの創出や滞在時間の長期化を図る。",,,,,"県立アリーナを活用した観光コンテンツづくり事業実行委員会","歩行者道路",,,"34.3520429","134.0464953",,,,,,,,"季節のイベント","全員","なし","0","イベント",
"0",,,,,"あなぶきアリーナ香川プロジェクションマッピング",,,2026-10-31T00:00:00.000Z,2026-10-31T00:00:00.000Z,"17:00","21:00",,"県立アリーナを活用した観光コンテンツづくり事業において、アリーナ北側屋根を利用したプロジェクションマッピングを開催する。
歩行者道路においては、キッチンカーの出店を行うとともに、北側多目的広場においても、キッチンカーの出店・イベント開催をすることで、にぎわいづくりの創出や滞在時間の長期化を図る。",,,,,"県立アリーナを活用した観光コンテンツづくり事業実行委員会","歩行者道路",,,"34.3520429","134.0464953",,,,,,,,"季節のイベント","全員","なし","0","イベント",
"0",,,,,"あなぶきアリーナ香川プロジェクションマッピング",,,2026-12-07T00:00:00.000Z,2026-12-07T00:00:00.000Z,"17:00","21:00",,"立アリーナを活用した観光コンテンツづくり事業において、アリーナ北側屋根を利用したプロジェクションマッピングを開催する。
歩行者道路においては、キッチンカーの出店を行うとともに、北側多目的広場においても、キッチンカーの出店・イベント開催をすることで、にぎわいづくりの創出や滞在時間の長期化を図る。",,,,,"県立アリーナを活用した観光コンテンツづくり事業実行委員会","歩行者道路",,,"34.3520429","134.0464953",,,,,,,,"季節のイベント","全員","なし","0","イベント",
"0",,,,,"あなぶきアリーナ香川プロジェクションマッピング",,,2026-12-08T00:00:00.000Z,2026-12-08T00:00:00.000Z,"09:00","17:00",,"県立アリーナを活用した観光コンテンツづくり事業において、アリーナ北側屋根を利用したプロジェクションマッピングを開催する。
歩行者道路においては、キッチンカーの出店を行うとともに、北側多目的広場においても、キッチンカーの出店・イベント開催をすることで、にぎわいづくりの創出や滞在時間の長期化を図る。",,,,,"県立アリーナを活用した観光コンテンツづくり事業実行委員会","歩行者道路",,,"34.3520429","134.0464953",,,,,,,,"季節のイベント","全員","なし","0","イベント",
"0",,,,,"あなぶきアリーナ香川プロジェクションマッピング",,,2026-12-09T00:00:00.000Z,2026-12-09T00:00:00.000Z,"17:00","21:00",,"県立アリーナを活用した観光コンテンツづくり事業において、アリーナ北側屋根を利用したプロジェクションマッピングを開催する。
歩行者道路においては、キッチンカーの出店を行うとともに、北側多目的広場においても、キッチンカーの出店・イベント開催をすることで、にぎわいづくりの創出や滞在時間の長期化を図る。",,,,,"県立アリーナを活用した観光コンテンツづくり事業実行委員会","歩行者道路",,,"34.3520429","134.0464953",,,,,,,,"季節のイベント","全員","なし","0","イベント",
"0",,,,,"あなぶきアリーナ香川プロジェクションマッピング",,,2026-12-10T00:00:00.000Z,2026-12-10T00:00:00.000Z,"17:00","21:00",,"県立アリーナを活用した観光コンテンツづくり事業において、アリーナ北側屋根を利用したプロジェクションマッピングを開催する。
歩行者道路においては、キッチンカーの出店を行うとともに、北側多目的広場においても、キッチンカーの出店・イベント開催をすることで、にぎわいづくりの創出や滞在時間の長期化を図る。",,,,,"県立アリーナを活用した観光コンテンツづくり事業実行委員会","歩行者道路",,,"34.3520429","134.0464953",,,,,,,,"季節のイベント","全員","なし","0","イベント",
"0",,,,,"あなぶきアリーナ香川プロジェクションマッピング",,,2026-12-11T00:00:00.000Z,2026-12-11T00:00:00.000Z,"17:00","21:00",,"県立アリーナを活用した観光コンテンツづくり事業において、アリーナ北側屋根を利用したプロジェクションマッピングを開催する。
歩行者道路においては、キッチンカーの出店を行うとともに、北側多目的広場においても、キッチンカーの出店・イベント開催をすることで、にぎわいづくりの創出や滞在時間の長期化を図る。",,,,,"県立アリーナを活用した観光コンテンツづくり事業実行委員会","歩行者道路",,,"34.3520429","134.0464953",,,,,,,,"季節のイベント","全員","なし","0","イベント",
"0",,,,,"あなぶきアリーナ香川プロジェクションマッピング",,,2026-12-12T00:00:00.000Z,2026-12-12T00:00:00.000Z,"17:00","21:00",,"県立アリーナを活用した観光コンテンツづくり事業において、アリーナ北側屋根を利用したプロジェクションマッピングを開催する。
歩行者道路においては、キッチンカーの出店を行うとともに、北側多目的広場においても、キッチンカーの出店・イベント開催をすることで、にぎわいづくりの創出や滞在時間の長期化を図る。",,,,,"県立アリーナを活用した観光コンテンツづくり事業実行委員会","歩行者道路",,,"34.3520429","134.0464953",,,,,,,,"季節のイベント","全員","なし","0","イベント",
"0",,,,,"あなぶきアリーナ香川プロジェクションマッピング",,,2026-12-13T00:00:00.000Z,2026-12-13T00:00:00.000Z,"17:00","21:00",,"県立アリーナを活用した観光コンテンツづくり事業において、アリーナ北側屋根を利用したプロジェクションマッピングを開催する。
歩行者道路においては、キッチンカーの出店を行うとともに、北側多目的広場においても、キッチンカーの出店・イベント開催をすることで、にぎわいづくりの創出や滞在時間の長期化を図る。",,,,,"県立アリーナを活用した観光コンテンツづくり事業実行委員会","歩行者道路",,,"34.3520429","134.0464953",,,,,,,,"季節のイベント","全員","なし","0","イベント",
"0",,,,,"あなぶきアリーナ香川プロジェクションマッピング",,,2026-12-14T00:00:00.000Z,2026-12-14T00:00:00.000Z,"11:00","21:00",,"県立アリーナを活用した観光コンテンツづくり事業において、アリーナ北側屋根を利用したプロジェクションマッピングを開催する。
歩行者道路においては、キッチンカーの出店を行うとともに、北側多目的広場においても、キッチンカーの出店・イベント開催をすることで、にぎわいづくりの創出や滞在時間の長期化を図る。",,,,,"県立アリーナを活用した観光コンテンツづくり事業実行委員会","歩行者道路",,,"34.3520429","134.0464953",,,,,,,,"季節のイベント","全員","なし","0","イベント",
"0",,,,,"あなぶきアリーナ香川プロジェクションマッピング",,,2026-12-15T00:00:00.000Z,2026-12-15T00:00:00.000Z,"11:00","21:00",,"県立アリーナを活用した観光コンテンツづくり事業において、アリーナ北側屋根を利用したプロジェクションマッピングを開催する。
歩行者道路においては、キッチンカーの出店を行うとともに、北側多目的広場においても、キッチンカーの出店・イベント開催をすることで、にぎわいづくりの創出や滞在時間の長期化を図る。",,,,,"県立アリーナを活用した観光コンテンツづくり事業実行委員会","歩行者道路",,,"34.3520429","134.0464953",,,,,,,,"季節のイベント","全員","なし","0","イベント",
"0",,,,,"あなぶきアリーナ香川プロジェクションマッピング",,,2026-12-16T00:00:00.000Z,2026-12-16T00:00:00.000Z,"11:00","21:00",,"県立アリーナを活用した観光コンテンツづくり事業において、アリーナ北側屋根を利用したプロジェクションマッピングを開催する。
歩行者道路においては、キッチンカーの出店を行うとともに、北側多目的広場においても、キッチンカーの出店・イベント開催をすることで、にぎわいづくりの創出や滞在時間の長期化を図る。",,,,,"県立アリーナを活用した観光コンテンツづくり事業実行委員会","歩行者道路",,,"34.3520429","134.0464953",,,,,,,,"季節のイベント","全員","なし","0","イベント",
"0",,,,,"あなぶきアリーナ香川プロジェクションマッピング",,,2026-12-17T00:00:00.000Z,2026-12-17T00:00:00.000Z,"11:00","21:00",,"県立アリーナを活用した観光コンテンツづくり事業において、アリーナ北側屋根を利用したプロジェクションマッピングを開催する。
歩行者道路においては、キッチンカーの出店を行うとともに、北側多目的広場においても、キッチンカーの出店・イベント開催をすることで、にぎわいづくりの創出や滞在時間の長期化を図る。",,,,,"県立アリーナを活用した観光コンテンツづくり事業実行委員会","歩行者道路",,,"34.3520429","134.0464953",,,,,,,,"季節のイベント","全員","なし","0","イベント",
"0",,,,,"あなぶきアリーナ香川プロジェクションマッピング",,,2026-12-18T00:00:00.000Z,2026-12-18T00:00:00.000Z,"11:00","21:00",,"県立アリーナを活用した観光コンテンツづくり事業において、アリーナ北側屋根を利用したプロジェクションマッピングを開催する。
歩行者道路においては、キッチンカーの出店を行うとともに、北側多目的広場においても、キッチンカーの出店・イベント開催をすることで、にぎわいづくりの創出や滞在時間の長期化を図る。",,,,,"県立アリーナを活用した観光コンテンツづくり事業実行委員会","歩行者道路",,,"34.3520429","134.0464953",,,,,,,,"季節のイベント","全員","なし","0","イベント",
"0",,,,,"あなぶきアリーナ香川プロジェクションマッピング",,,2026-12-19T00:00:00.000Z,2026-12-19T00:00:00.000Z,"11:00","21:00",,"県立アリーナを活用した観光コンテンツづくり事業において、アリーナ北側屋根を利用したプロジェクションマッピングを開催する。
歩行者道路においては、キッチンカーの出店を行うとともに、北側多目的広場においても、キッチンカーの出店・イベント開催をすることで、にぎわいづくりの創出や滞在時間の長期化を図る。",,,,,"県立アリーナを活用した観光コンテンツづくり事業実行委員会","歩行者道路",,,"34.3520429","134.0464953",,,,,,,,"季節のイベント","全員","なし","0","イベント",
"0",,,,,"あなぶきアリーナ香川プロジェクションマッピング",,,2026-12-20T00:00:00.000Z,2026-12-20T00:00:00.000Z,"11:00","21:00",,"県立アリーナを活用した観光コンテンツづくり事業において、アリーナ北側屋根を利用したプロジェクションマッピングを開催する。
歩行者道路においては、キッチンカーの出店を行うとともに、北側多目的広場においても、キッチンカーの出店・イベント開催をすることで、にぎわいづくりの創出や滞在時間の長期化を図る。",,,,,"県立アリーナを活用した観光コンテンツづくり事業実行委員会","歩行者道路",,,"34.3520429","134.0464953",,,,,,,,"季節のイベント","全員","なし","0","イベント",
"0",,,,,"あなぶきアリーナ香川プロジェクションマッピング",,,2026-12-21T00:00:00.000Z,2026-12-21T00:00:00.000Z,"11:00","21:00",,"県立アリーナを活用した観光コンテンツづくり事業において、アリーナ北側屋根を利用したプロジェクションマッピングを開催する。
歩行者道路においては、キッチンカーの出店を行うとともに、北側多目的広場においても、キッチンカーの出店・イベント開催をすることで、にぎわいづくりの創出や滞在時間の長期化を図る。",,,,,"県立アリーナを活用した観光コンテンツづくり事業実行委員会","歩行者道路",,,"34.3520429","134.0464953",,,,,,,,"季節のイベント","全員","なし","0","イベント",
"0",,,,,"あなぶきアリーナ香川プロジェクションマッピング",,,2026-12-22T00:00:00.000Z,2026-12-22T00:00:00.000Z,"11:00","21:00",,"県立アリーナを活用した観光コンテンツづくり事業において、アリーナ北側屋根を利用したプロジェクションマッピングを開催する。
歩行者道路においては、キッチンカーの出店を行うとともに、北側多目的広場においても、キッチンカーの出店・イベント開催をすることで、にぎわいづくりの創出や滞在時間の長期化を図る。",,,,,"県立アリーナを活用した観光コンテンツづくり事業実行委員会","歩行者道路",,,"34.3520429","134.0464953",,,,,,,,"季節のイベント","全員","なし","0","イベント",
"0",,,,,"あなぶきアリーナ香川プロジェクションマッピング",,,2026-12-23T00:00:00.000Z,2026-12-23T00:00:00.000Z,"11:00","21:00",,"県立アリーナを活用した観光コンテンツづくり事業において、アリーナ北側屋根を利用したプロジェクションマッピングを開催する。
歩行者道路においては、キッチンカーの出店を行うとともに、北側多目的広場においても、キッチンカーの出店・イベント開催をすることで、にぎわいづくりの創出や滞在時間の長期化を図る。",,,,,"県立アリーナを活用した観光コンテンツづくり事業実行委員会","歩行者道路",,,"34.3520429","134.0464953",,,,,,,,"季節のイベント","全員","なし","0","イベント",
"0",,,,,"あなぶきアリーナ香川プロジェクションマッピング",,,2026-12-24T00:00:00.000Z,2026-12-24T00:00:00.000Z,"11:00","21:00",,"県立アリーナを活用した観光コンテンツづくり事業において、アリーナ北側屋根を利用したプロジェクションマッピングを開催する。
歩行者道路においては、キッチンカーの出店を行うとともに、北側多目的広場においても、キッチンカーの出店・イベント開催をすることで、にぎわいづくりの創出や滞在時間の長期化を図る。",,,,,"県立アリーナを活用した観光コンテンツづくり事業実行委員会","歩行者道路",,,"34.3520429","134.0464953",,,,,,,,"季節のイベント","全員","なし","0","イベント",
"0",,,,,"あなぶきアリーナ香川プロジェクションマッピング",,,2026-12-25T00:00:00.000Z,2026-12-25T00:00:00.000Z,"11:00","21:00",,"県立アリーナを活用した観光コンテンツづくり事業において、アリーナ北側屋根を利用したプロジェクションマッピングを開催する。
歩行者道路においては、キッチンカーの出店を行うとともに、北側多目的広場においても、キッチンカーの出店・イベント開催をすることで、にぎわいづくりの創出や滞在時間の長期化を図る。",,,,,"県立アリーナを活用した観光コンテンツづくり事業実行委員会","歩行者道路",,,"34.3520429","134.0464953",,,,,,,,"季節のイベント","全員","なし","0","イベント",
"0",,,,,"あなぶきアリーナ香川プロジェクションマッピング",,,2026-12-26T00:00:00.000Z,2026-12-26T00:00:00.000Z,"09:00","17:00",,"県立アリーナを活用した観光コンテンツづくり事業において、アリーナ北側屋根を利用したプロジェクションマッピングを開催する。
歩行者道路においては、キッチンカーの出店を行うとともに、北側多目的広場においても、キッチンカーの出店・イベント開催をすることで、にぎわいづくりの創出や滞在時間の長期化を図る。",,,,,"県立アリーナを活用した観光コンテンツづくり事業実行委員会","歩行者道路",,,"34.3520429","134.0464953",,,,,,,,"季節のイベント","全員","なし","0","イベント",
"0",,,,,"あなぶきアリーナ香川プロジェクションマッピング",,,2026-12-27T00:00:00.000Z,2026-12-27T00:00:00.000Z,"11:00","21:00",,"県立アリーナを活用した観光コンテンツづくり事業において、アリーナ北側屋根を利用したプロジェクションマッピングを開催する。
歩行者道路においては、キッチンカーの出店を行うとともに、北側多目的広場においても、キッチンカーの出店・イベント開催をすることで、にぎわいづくりの創出や滞在時間の長期化を図る。",,,,,"県立アリーナを活用した観光コンテンツづくり事業実行委員会","歩行者道路",,,"34.3520429","134.0464953",,,,,,,,"季節のイベント","全員","なし","0","イベント",
"0",,,,,"あなぶきアリーナ香川プロジェクションマッピング",,,2026-12-28T00:00:00.000Z,2026-12-28T00:00:00.000Z,"11:00","21:00",,"県立アリーナを活用した観光コンテンツづくり事業において、アリーナ北側屋根を利用したプロジェクションマッピングを開催する。
歩行者道路においては、キッチンカーの出店を行うとともに、北側多目的広場においても、キッチンカーの出店・イベント開催をすることで、にぎわいづくりの創出や滞在時間の長期化を図る。",,,,,"県立アリーナを活用した観光コンテンツづくり事業実行委員会","歩行者道路",,,"34.3520429","134.0464953",,,,,,,,"季節のイベント","全員","なし","0","イベント",
"0",,,,,"あなぶきアリーナ香川プロジェクションマッピング",,,2027-02-11T00:00:00.000Z,2027-02-11T00:00:00.000Z,"17:00","21:00",,"県立アリーナを活用した観光コンテンツづくり事業において、アリーナ北側屋根を利用したプロジェクションマッピングを開催する。
歩行者道路においては、キッチンカーの出店を行うとともに、北側多目的広場においても、キッチンカーの出店・イベント開催をすることで、にぎわいづくりの創出や滞在時間の長期化を図る。",,,,,"県立アリーナを活用した観光コンテンツづくり事業実行委員会","歩行者道路",,,"34.3520429","134.0464953",,,,,,,,"季節のイベント","全員","なし","0","イベント",
"0",,,,,"あなぶきアリーナ香川プロジェクションマッピング",,,2027-02-12T00:00:00.000Z,2027-02-12T00:00:00.000Z,"17:00","21:00",,"県立アリーナを活用した観光コンテンツづくり事業において、アリーナ北側屋根を利用したプロジェクションマッピングを開催する。
歩行者道路においては、キッチンカーの出店を行うとともに、北側多目的広場においても、キッチンカーの出店・イベント開催をすることで、にぎわいづくりの創出や滞在時間の長期化を図る。",,,,,"県立アリーナを活用した観光コンテンツづくり事業実行委員会","歩行者道路",,,"34.3520429","134.0464953",,,,,,,,"季節のイベント","全員","なし","0","イベント",
"0",,,,,"あなぶきアリーナ香川プロジェクションマッピング",,,2027-02-13T00:00:00.000Z,2027-02-13T00:00:00.000Z,"09:00","17:00",,"立アリーナを活用した観光コンテンツづくり事業において、アリーナ北側屋根を利用したプロジェクションマッピングを開催する。
歩行者道路においては、キッチンカーの出店を行うとともに、北側多目的広場においても、キッチンカーの出店・イベント開催をすることで、にぎわいづくりの創出や滞在時間の長期化を図る。",,,,,"県立アリーナを活用した観光コンテンツづくり事業実行委員会","歩行者道路",,,"34.3520429","134.0464953",,,,,,,,"季節のイベント","全員","なし","0","イベント",
"0",,,,,"あなぶきアリーナ香川プロジェクションマッピング",,,2027-02-14T00:00:00.000Z,2027-02-14T00:00:00.000Z,"17:00","21:00",,"県立アリーナを活用した観光コンテンツづくり事業において、アリーナ北側屋根を利用したプロジェクションマッピングを開催する。
歩行者道路においては、キッチンカーの出店を行うとともに、北側多目的広場においても、キッチンカーの出店・イベント開催をすることで、にぎわいづくりの創出や滞在時間の長期化を図る。",,,,,"県立アリーナを活用した観光コンテンツづくり事業実行委員会","歩行者道路",,,"34.3520429","134.0464953",,,,,,,,"季節のイベント","全員","なし","0","イベント",
"0",,,,,"あなぶきアリーナ香川プロジェクションマッピング",,,2027-02-15T00:00:00.000Z,2027-02-15T00:00:00.000Z,"17:00","21:00",,"県立アリーナを活用した観光コンテンツづくり事業において、アリーナ北側屋根を利用したプロジェクションマッピングを開催する。
歩行者道路においては、キッチンカーの出店を行うとともに、北側多目的広場においても、キッチンカーの出店・イベント開催をすることで、にぎわいづくりの創出や滞在時間の長期化を図る。",,,,,"県立アリーナを活用した観光コンテンツづくり事業実行委員会","歩行者道路",,,"34.3520429","134.0464953",,,,,,,,"季節のイベント","全員","なし","0","イベント",
"0",,,,,"あなぶきアリーナ香川プロジェクションマッピング",,,2027-02-16T00:00:00.000Z,2027-02-16T00:00:00.000Z,"17:00","21:00",,"県立アリーナを活用した観光コンテンツづくり事業において、アリーナ北側屋根を利用したプロジェクションマッピングを開催する。
歩行者道路においては、キッチンカーの出店を行うとともに、北側多目的広場においても、キッチンカーの出店・イベント開催をすることで、にぎわいづくりの創出や滞在時間の長期化を図る。",,,,,"県立アリーナを活用した観光コンテンツづくり事業実行委員会","歩行者道路",,,"34.3520429","134.0464953",,,,,,,,"季節のイベント","全員","なし","0","イベント",
"0",,,,,"ガーデンプロムナードフェスティバル",,,2026-04-12T00:00:00.000Z,2026-04-12T00:00:00.000Z,"10:00","15:00",,"物販・飲食・ワークショップの出店。(テントブースおよびキッチンカー)
伝統芸能や音楽演奏などのイベントも不定期開催。",,,,,"香川県県産品振興課","プロムナード",,,"34.3484775","134.0492375",,,,,,,,"その他","全員","なし","0","イベント",
"0",,,,,"ガーデンプロムナードフェスティバル",,,2026-04-25T00:00:00.000Z,2026-04-25T00:00:00.000Z,"10:00","15:00",,"物販・飲食・ワークショップの出店。(テントブースおよびキッチンカー)
伝統芸能や音楽演奏などのイベントも不定期開催。",,,,,"香川県県産品振興課","プロムナード",,,"34.3484775","134.0492375",,,,,,,,"その他","全員","なし","0","イベント",
"0",,,,,"ガーデンプロムナードフェスティバル",,,2026-04-26T00:00:00.000Z,2026-04-26T00:00:00.000Z,"10:00","15:00",,"物販・飲食・ワークショップの出店。(テントブースおよびキッチンカー)
伝統芸能や音楽演奏などのイベントも不定期開催。",,,,,"香川県県産品振興課","プロムナード",,,"34.3484775","134.0492375",,,,,,,,"その他","全員","なし","0","イベント",
"0",,,,,"ガーデンプロムナードフェスティバル",,,2026-05-31T00:00:00.000Z,2026-05-31T00:00:00.000Z,"10:00","15:00",,"物販・飲食・ワークショップの出店。(テントブースおよびキッチンカー)
伝統芸能や音楽演奏などのイベントも不定期開催。",,,,,"香川県県産品振興課","プロムナード",,,"34.3484775","134.0492375",,,,,,,,"その他","全員","なし","0","イベント",
"0",,,,,"ガーデンプロムナードフェスティバル",,,2026-06-07T00:00:00.000Z,2026-06-07T00:00:00.000Z,"10:00","15:00",,"物販・飲食・ワークショップの出店。(テントブースおよびキッチンカー)
伝統芸能や音楽演奏などのイベントも不定期開催。",,,,,"香川県県産品振興課","プロムナード",,,"34.3484775","134.0492375",,,,,,,,"その他","全員","なし","0","イベント",
"0",,,,,"ガーデンプロムナードフェスティバル",,,2026-06-14T00:00:00.000Z,2026-06-14T00:00:00.000Z,"10:00","15:00",,"物販・飲食・ワークショップの出店。(テントブースおよびキッチンカー)
伝統芸能や音楽演奏などのイベントも不定期開催。",,,,,"香川県県産品振興課","プロムナード",,,"34.3484775","134.0492375",,,,,,,,"その他","全員","なし","0","イベント",
"0",,,,,"ガーデンプロムナードフェスティバル",,,2026-09-13T00:00:00.000Z,2026-09-13T00:00:00.000Z,"10:00","15:00",,"物販・飲食・ワークショップの出店。(テントブースおよびキッチンカー)
伝統芸能や音楽演奏などのイベントも不定期開催。",,,,,"香川県県産品振興課","プロムナード",,,"34.3484775","134.0492375",,,,,,,,"その他","全員","なし","0","イベント",
"0",,,,,"ガーデンプロムナードフェスティバル",,,2026-10-03T00:00:00.000Z,2026-10-03T00:00:00.000Z,"10:00","15:00",,"物販・飲食・ワークショップの出店。(テントブースおよびキッチンカー)
伝統芸能や音楽演奏などのイベントも不定期開催。",,,,,"香川県県産品振興課","プロムナード",,,"34.3484775","134.0492375",,,,,,,,"その他","全員","なし","0","イベント",
"0",,,,,"ガーデンプロムナードフェスティバル",,,2026-10-04T00:00:00.000Z,2026-10-04T00:00:00.000Z,"10:00","15:00",,"物販・飲食・ワークショップの出店。(テントブースおよびキッチンカー)
伝統芸能や音楽演奏などのイベントも不定期開催。",,,,,"香川県県産品振興課","プロムナード",,,"34.3484775","134.0492375",,,,,,,,"その他","全員","なし","0","イベント",
"0",,,,,"ガーデンプロムナードフェスティバル",,,2026-11-22T00:00:00.000Z,2026-11-22T00:00:00.000Z,"10:00","15:00",,"物販・飲食・ワークショップの出店。(テントブースおよびキッチンカー)
伝統芸能や音楽演奏などのイベントも不定期開催。",,,,,"香川県県産品振興課","プロムナード",,,"34.3484775","134.0492375",,,,,,,,"その他","全員","なし","0","イベント",
"0",,,,,"ガーデンプロムナードフェスティバル",,,2026-11-29T00:00:00.000Z,2026-11-29T00:00:00.000Z,"10:00","15:00",,"物販・飲食・ワークショップの出店。(テントブースおよびキッチンカー)
伝統芸能や音楽演奏などのイベントも不定期開催。",,,,,"香川県県産品振興課","プロムナード",,,"34.3484775","134.0492375",,,,,,,,"その他","全員","なし","0","イベント",
"0",,,,,"ガーデンプロムナードフェスティバル",,,2026-12-06T00:00:00.000Z,2026-12-06T00:00:00.000Z,"10:00","15:00",,"物販・飲食・ワークショップの出店。(テントブースおよびキッチンカー)
伝統芸能や音楽演奏などのイベントも不定期開催。",,,,,"香川県県産品振興課","プロムナード",,,"34.3484775","134.0492375",,,,,,,,"その他","全員","なし","0","イベント",
"0",,,,,"ガーデンプロムナードフェスティバル",,,2026-12-13T00:00:00.000Z,2026-12-13T00:00:00.000Z,"10:00","15:00",,"物販・飲食・ワークショップの出店。(テントブースおよびキッチンカー)
伝統芸能や音楽演奏などのイベントも不定期開催。",,,,,"香川県県産品振興課","プロムナード",,,"34.3484775","134.0492375",,,,,,,,"その他","全員","なし","0","イベント",
"0",,,,,"ガーデンプロムナードフェスティバル",,,2026-12-20T00:00:00.000Z,2026-12-20T00:00:00.000Z,"10:00","15:00",,"物販・飲食・ワークショップの出店。(テントブースおよびキッチンカー)
伝統芸能や音楽演奏などのイベントも不定期開催。",,,,,"香川県県産品振興課","プロムナード",,,"34.3484775","134.0492375",,,,,,,,"その他","全員","なし","0","イベント",
"0",,,,,"ガーデンプロムナードフェスティバル",,,2027-01-31T00:00:00.000Z,2027-01-31T00:00:00.000Z,"10:00","15:00",,"物販・飲食・ワークショップの出店。(テントブースおよびキッチンカー)
伝統芸能や音楽演奏などのイベントも不定期開催。",,,,,"香川県県産品振興課","プロムナード",,,"34.3484775","134.0492375",,,,,,,,"その他","全員","なし","0","イベント",
"0",,,,,"ガーデンプロムナードフェスティバル",,,2027-02-14T00:00:00.000Z,2027-02-14T00:00:00.000Z,"10:00","15:00",,"物販・飲食・ワークショップの出店。(テントブースおよびキッチンカー)
伝統芸能や音楽演奏などのイベントも不定期開催。",,,,,"香川県県産品振興課","プロムナード",,,"34.3484775","134.0492375",,,,,,,,"その他","全員","なし","0","イベント",
"0",,,,,"ガーデンプロムナードフェスティバル",,,2026-11-14T00:00:00.000Z,2026-11-14T00:00:00.000Z,"10:00","15:00",,"物販・飲食・ワークショップの出店。(テントブースおよびキッチンカー)
伝統芸能や音楽演奏などのイベントも不定期開催。",,,,,"香川県県産品振興課","プロムナード",,,"34.3484775","134.0492375",,,,,,,,"その他","全員","なし","0","イベント",
"0",,,,,"さぬき高松まつり",,,2026-08-11T00:00:00.000Z,2026-08-11T00:00:00.000Z,"09:00","17:00",,"さぬき高松まつりの開催",,,,,"高松まつり振興会","歩行者道路",,,"34.3520429","134.0464953",,,,,,,,"お祭り","全員","なし","0","イベント",
"0",,,,,"さぬき高松まつり",,,2026-08-12T00:00:00.000Z,2026-08-12T00:00:00.000Z,"09:00","20:00",,"さぬき高松まつりの開催",,,,,"高松まつり振興会","歩行者道路",,,"34.3520429","134.0464953",,,,,,,,"お祭り","全員","なし","0","イベント",
"0",,,,,"さぬき高松まつり",,,2026-08-13T00:00:00.000Z,2026-08-13T00:00:00.000Z,"09:00","20:00",,"さぬき高松まつりの開催",,,,,"高松まつり振興会","歩行者道路",,,"34.3520429","134.0464953",,,,,,,,"お祭り","全員","なし","0","イベント",
"0",,,,,"さぬき高松まつり",,,2026-08-13T00:00:00.000Z,2026-08-13T00:00:00.000Z,"09:00","21:00",,"さぬき高松まつりの開催",,,,,"高松まつり振興会","駅前　北",,,"34.3510918","134.0472437",,,,,,,,"お祭り","全員","なし","0","イベント",
"0",,,,,"さぬき高松まつり",,,2026-08-14T00:00:00.000Z,2026-08-14T00:00:00.000Z,"09:00","17:00",,"さぬき高松まつりの開催",,,,,"高松まつり振興会","歩行者道路",,,"34.3520429","134.0464953",,,,,,,,"お祭り","全員","なし","0","イベント",
"0",,,,,"季節のイベント",,,2026-11-02T00:00:00.000Z,2026-11-02T00:00:00.000Z,"12:00","21:00",,"季節のイベント",,,,,"香川県観光振興課","駅前　北",,,"34.3510918","134.0472437",,,,,,,,"季節のイベント","全員","なし","0","イベント",
"0",,,,,"季節のイベント",,,2026-11-03T00:00:00.000Z,2026-11-03T00:00:00.000Z,"12:00","21:00",,"季節のイベント",,,,,"香川県観光振興課","駅前　北",,,"34.3510918","134.0472437",,,,,,,,"季節のイベント","全員","なし","0","イベント",
"0",,,,,"季節のイベント",,,2026-11-04T00:00:00.000Z,2026-11-04T00:00:00.000Z,"12:00","21:00",,"季節のイベント",,,,,"香川県観光振興課","駅前　北",,,"34.3510918","134.0472437",,,,,,,,"季節のイベント","全員","なし","0","イベント",
"0",,,,,"季節のイベント",,,2026-11-05T00:00:00.000Z,2026-11-05T00:00:00.000Z,"12:00","21:00",,"季節のイベント",,,,,"香川県観光振興課","駅前　北",,,"34.3510918","134.0472437",,,,,,,,"季節のイベント","全員","なし","0","イベント",
"0",,,,,"季節のイベント",,,2026-11-06T00:00:00.000Z,2026-11-06T00:00:00.000Z,"12:00","21:00",,"季節のイベント",,,,,"香川県観光振興課","歩行者道路",,,"34.3520429","134.0464953",,,,,,,,"季節のイベント","全員","なし","0","イベント",
"0",,,,,"季節のイベント",,,2026-11-07T00:00:00.000Z,2026-11-07T00:00:00.000Z,"12:00","21:00",,"季節のイベント",,,,,"香川県観光振興課","駅前　北",,,"34.3510918","134.0472437",,,,,,,,"季節のイベント","全員","なし","0","イベント",
"0",,,,,"季節のイベント",,,2026-11-08T00:00:00.000Z,2026-11-08T00:00:00.000Z,"12:00","21:00",,"季節のイベント",,,,,"香川県観光振興課","歩行者道路",,,"34.3520429","134.0464953",,,,,,,,"季節のイベント","全員","なし","0","イベント",
"0",,,,,"季節のイベント",,,2026-11-09T00:00:00.000Z,2026-11-09T00:00:00.000Z,"12:00","21:00",,"季節のイベント",,,,,"香川県観光振興課","駅前　北",,,"34.3510918","134.0472437",,,,,,,,"季節のイベント","全員","なし","0","イベント",
"0",,,,,"さぬきマルシェinサンポート",,,2027-03-21T00:00:00.000Z,2027-03-21T00:00:00.000Z,"10:00","15:00",,"物販・飲食店のテントブースとキッチンカーの出店",,,,,"香川県県産品振興課","歩行者道路",,,"34.3520429","134.0464953",,,,,,,,"買い物","全員","なし","0","イベント",
"0",,,,,"shikoku meguru 春の収穫祭",,,2026-04-19T00:00:00.000Z,2026-04-19T00:00:00.000Z,"10:00","17:00",,"別途添付資料を参照",,,,,"shikoku meguru","駅前　北",,,"34.3510918","134.0472437",,,,,,,,"季節のイベント","全員","なし","0","イベント",
"0",,,,,"せとうちまつり vol.1",,,2026-04-05T00:00:00.000Z,2026-04-05T00:00:00.000Z,"12:00","20:00",,"キッチンカー、テント飲食が並ぶほか、地元アーティストによるライブパフォーマンスを展開。
春休み最後の日曜日に、地域の子ども達が遊びに来られるイベントを開催します。",,,,,"後藤匠人","駅前　北",,,"34.3510918","134.0472437",,,,,,,,"お祭り","全員","なし","0","イベント",
"0",,,,,"さぬき高松まつり",,,2026-08-14T00:00:00.000Z,2026-08-14T00:00:00.000Z,"09:00","20:00",,"さぬき高松まつりの開催",,,,,"高松まつり振興会","駅前　北",,,"34.3510918","134.0472437",,,,,,,,"お祭り","全員","なし","0","イベント",
"0",,,,,"さぬきマルシェinサンポート",,,2026-09-20T00:00:00.000Z,2026-09-20T00:00:00.000Z,"10:00","15:00",,"物販・飲食店のテントブースとキッチンカーの出店",,,,,"香川県県産品振興課","プロムナード",,,"34.3484775","134.0492375",,,,,,,,"買い物","全員","なし","0","イベント",
"0",,,,,"あなぶきアリーナ香川クリスマスマーケット",,,2026-11-16T00:00:00.000Z,2026-11-16T00:00:00.000Z,"11:00","21:00",,"県立アリーナを活用した観光コンテンツづくり事業において、クリスマスマーケットを開催する。
歩行者道路においては、キッチンカーの出店を行うとともに、北側多目的広場においても、キッチンカーの出店・イベント開催をすることで、にぎわいづくりの創出や滞在時間の長期化を図る。",,,,,"県立アリーナを活用した観光コンテンツづくり事業実行委員会","歩行者道路",,,"34.3520429","134.0464953",,,,,,,,"季節のイベント","全員","なし","0","イベント",
"0",,,,,"あなぶきアリーナ香川クリスマスマーケット",,,2026-11-17T00:00:00.000Z,2026-11-17T00:00:00.000Z,"11:00","21:00",,"県立アリーナを活用した観光コンテンツづくり事業において、クリスマスマーケットを開催する。
歩行者道路においては、キッチンカーの出店を行うとともに、北側多目的広場においても、キッチンカーの出店・イベント開催をすることで、にぎわいづくりの創出や滞在時間の長期化を図る。",,,,,"県立アリーナを活用した観光コンテンツづくり事業実行委員会","歩行者道路",,,"34.3520429","134.0464953",,,,,,,,"季節のイベント","全員","なし","0","イベント",
"0",,,,,"あなぶきアリーナ香川クリスマスマーケット",,,2026-11-18T00:00:00.000Z,2026-11-18T00:00:00.000Z,"11:00","21:00",,"県立アリーナを活用した観光コンテンツづくり事業において、クリスマスマーケットを開催する。
歩行者道路においては、キッチンカーの出店を行うとともに、北側多目的広場においても、キッチンカーの出店・イベント開催をすることで、にぎわいづくりの創出や滞在時間の長期化を図る。",,,,,"県立アリーナを活用した観光コンテンツづくり事業実行委員会","歩行者道路",,,"34.3520429","134.0464953",,,,,,,,"季節のイベント","全員","なし","0","イベント",
"0",,,,,"あなぶきアリーナ香川クリスマスマーケット",,,2026-11-19T00:00:00.000Z,2026-11-19T00:00:00.000Z,"11:00","21:00",,"県立アリーナを活用した観光コンテンツづくり事業において、クリスマスマーケットを開催する。
歩行者道路においては、キッチンカーの出店を行うとともに、北側多目的広場においても、キッチンカーの出店・イベント開催をすることで、にぎわいづくりの創出や滞在時間の長期化を図る。",,,,,"県立アリーナを活用した観光コンテンツづくり事業実行委員会","歩行者道路",,,"34.3520429","134.0464953",,,,,,,,"季節のイベント","全員","なし","0","イベント",
"0",,,,,"あなぶきアリーナ香川クリスマスマーケット",,,2026-11-20T00:00:00.000Z,2026-11-20T00:00:00.000Z,"11:00","21:00",,"県立アリーナを活用した観光コンテンツづくり事業において、クリスマスマーケットを開催する。
歩行者道路においては、キッチンカーの出店を行うとともに、北側多目的広場においても、キッチンカーの出店・イベント開催をすることで、にぎわいづくりの創出や滞在時間の長期化を図る。",,,,,"県立アリーナを活用した観光コンテンツづくり事業実行委員会","歩行者道路",,,"34.3520429","134.0464953",,,,,,,,"季節のイベント","全員","なし","0","イベント",
"0",,,,,"あなぶきアリーナ香川クリスマスマーケット",,,2026-11-21T00:00:00.000Z,2026-11-21T00:00:00.000Z,"11:00","21:00",,"県立アリーナを活用した観光コンテンツづくり事業において、クリスマスマーケットを開催する。
歩行者道路においては、キッチンカーの出店を行うとともに、北側多目的広場においても、キッチンカーの出店・イベント開催をすることで、にぎわいづくりの創出や滞在時間の長期化を図る。",,,,,"県立アリーナを活用した観光コンテンツづくり事業実行委員会","歩行者道路",,,"34.3520429","134.0464953",,,,,,,,"季節のイベント","全員","なし","0","イベント",
"0",,,,,"あなぶきアリーナ香川クリスマスマーケット",,,2026-11-22T00:00:00.000Z,2026-11-22T00:00:00.000Z,"11:00","21:00",,"県立アリーナを活用した観光コンテンツづくり事業において、クリスマスマーケットを開催する。
歩行者道路においては、キッチンカーの出店を行うとともに、北側多目的広場においても、キッチンカーの出店・イベント開催をすることで、にぎわいづくりの創出や滞在時間の長期化を図る。",,,,,"県立アリーナを活用した観光コンテンツづくり事業実行委員会","歩行者道路",,,"34.3520429","134.0464953",,,,,,,,"季節のイベント","全員","なし","0","イベント",
"0",,,,,"あなぶきアリーナ香川クリスマスマーケット",,,2026-11-23T00:00:00.000Z,2026-11-23T00:00:00.000Z,"11:00","21:00",,"県立アリーナを活用した観光コンテンツづくり事業において、クリスマスマーケットを開催する。
歩行者道路においては、キッチンカーの出店を行うとともに、北側多目的広場においても、キッチンカーの出店・イベント開催をすることで、にぎわいづくりの創出や滞在時間の長期化を図る。",,,,,"県立アリーナを活用した観光コンテンツづくり事業実行委員会","歩行者道路",,,"34.3520429","134.0464953",,,,,,,,"季節のイベント","全員","なし","0","イベント",
"0",,,,,"あなぶきアリーナ香川クリスマスマーケット",,,2026-11-24T00:00:00.000Z,2026-11-24T00:00:00.000Z,"11:00","21:00",,"県立アリーナを活用した観光コンテンツづくり事業において、クリスマスマーケットを開催する。
歩行者道路においては、キッチンカーの出店を行うとともに、北側多目的広場においても、キッチンカーの出店・イベント開催をすることで、にぎわいづくりの創出や滞在時間の長期化を図る。",,,,,"県立アリーナを活用した観光コンテンツづくり事業実行委員会","歩行者道路",,,"34.3489639","134.0491069",,,,,,,,"季節のイベント","全員","なし","0","イベント",
"0",,,,,"あなぶきアリーナ香川クリスマスマーケット",,,2026-11-25T00:00:00.000Z,2026-11-25T00:00:00.000Z,"11:00","21:00",,"県立アリーナを活用した観光コンテンツづくり事業において、クリスマスマーケットを開催する。
歩行者道路においては、キッチンカーの出店を行うとともに、北側多目的広場においても、キッチンカーの出店・イベント開催をすることで、にぎわいづくりの創出や滞在時間の長期化を図る。",,,,,"県立アリーナを活用した観光コンテンツづくり事業実行委員会","歩行者道路",,,"34.3520429","134.0464953",,,,,,,,"季節のイベント","全員","なし","0","イベント",
"0",,,,,"あなぶきアリーナ香川クリスマスマーケット",,,2026-11-26T00:00:00.000Z,2026-11-26T00:00:00.000Z,"11:00","21:00",,"県立アリーナを活用した観光コンテンツづくり事業において、クリスマスマーケットを開催する。
歩行者道路においては、キッチンカーの出店を行うとともに、北側多目的広場においても、キッチンカーの出店・イベント開催をすることで、にぎわいづくりの創出や滞在時間の長期化を図る。",,,,,"県立アリーナを活用した観光コンテンツづくり事業実行委員会","歩行者道路",,,"34.3520429","134.0464953",,,,,,,,"季節のイベント","全員","なし","0","イベント",
"0",,,,,"あなぶきアリーナ香川クリスマスマーケット",,,2026-11-27T00:00:00.000Z,2026-11-27T00:00:00.000Z,"11:00","21:00",,"県立アリーナを活用した観光コンテンツづくり事業において、クリスマスマーケットを開催する。
歩行者道路においては、キッチンカーの出店を行うとともに、北側多目的広場においても、キッチンカーの出店・イベント開催をすることで、にぎわいづくりの創出や滞在時間の長期化を図る。",,,,,"県立アリーナを活用した観光コンテンツづくり事業実行委員会","歩行者道路",,,"34.3520429","134.0464953",,,,,,,,"季節のイベント","全員","なし","0","イベント",
"0",,,,,"あなぶきアリーナ香川クリスマスマーケット",,,2026-11-28T00:00:00.000Z,2026-11-28T00:00:00.000Z,"11:00","21:00",,"県立アリーナを活用した観光コンテンツづくり事業において、クリスマスマーケットを開催する。
歩行者道路においては、キッチンカーの出店を行うとともに、北側多目的広場においても、キッチンカーの出店・イベント開催をすることで、にぎわいづくりの創出や滞在時間の長期化を図る。",,,,,"県立アリーナを活用した観光コンテンツづくり事業実行委員会","歩行者道路",,,"34.3520429","134.0464953",,,,,,,,"季節のイベント","全員","なし","0","イベント",
"0",,,,,"あなぶきアリーナ香川クリスマスマーケット",,,2026-11-29T00:00:00.000Z,2026-11-29T00:00:00.000Z,"11:00","21:00",,"県立アリーナを活用した観光コンテンツづくり事業において、クリスマスマーケットを開催する。
歩行者道路においては、キッチンカーの出店を行うとともに、北側多目的広場においても、キッチンカーの出店・イベント開催をすることで、にぎわいづくりの創出や滞在時間の長期化を図る。",,,,,"県立アリーナを活用した観光コンテンツづくり事業実行委員会","歩行者道路",,,"34.3520429","134.0464953",,,,,,,,"季節のイベント","全員","なし","0","イベント",
"0",,,,,"あなぶきアリーナ香川クリスマスマーケット",,,2026-11-30T00:00:00.000Z,2026-11-30T00:00:00.000Z,"11:00","21:00",,"県立アリーナを活用した観光コンテンツづくり事業において、クリスマスマーケットを開催する。
歩行者道路においては、キッチンカーの出店を行うとともに、北側多目的広場においても、キッチンカーの出店・イベント開催をすることで、にぎわいづくりの創出や滞在時間の長期化を図る。",,,,,"県立アリーナを活用した観光コンテンツづくり事業実行委員会","歩行者道路",,,"34.3520429","134.0464953",,,,,,,,"季節のイベント","全員","なし","0","イベント",
"0",,,,,"あなぶきアリーナ香川クリスマスマーケット",,,2026-12-01T00:00:00.000Z,2026-12-01T00:00:00.000Z,"11:00","21:00",,"県立アリーナを活用した観光コンテンツづくり事業において、クリスマスマーケットを開催する。
歩行者道路においては、キッチンカーの出店を行うとともに、北側多目的広場においても、キッチンカーの出店・イベント開催をすることで、にぎわいづくりの創出や滞在時間の長期化を図る。",,,,,"県立アリーナを活用した観光コンテンツづくり事業実行委員会","歩行者道路",,,"34.3520429","134.0464953",,,,,,,,"季節のイベント","全員","なし","0","イベント",
"0",,,,,"あなぶきアリーナ香川クリスマスマーケット",,,2026-12-02T00:00:00.000Z,2026-12-02T00:00:00.000Z,"11:00","21:00",,"県立アリーナを活用した観光コンテンツづくり事業において、クリスマスマーケットを開催する。
歩行者道路においては、キッチンカーの出店を行うとともに、北側多目的広場においても、キッチンカーの出店・イベント開催をすることで、にぎわいづくりの創出や滞在時間の長期化を図る。",,,,,"県立アリーナを活用した観光コンテンツづくり事業実行委員会","歩行者道路",,,"34.3520429","134.0464953",,,,,,,,"季節のイベント","全員","なし","0","イベント",
"0",,,,,"あなぶきアリーナ香川クリスマスマーケット",,,2026-12-03T00:00:00.000Z,2026-12-03T00:00:00.000Z,"11:00","21:00",,"県立アリーナを活用した観光コンテンツづくり事業において、クリスマスマーケットを開催する。
歩行者道路においては、キッチンカーの出店を行うとともに、北側多目的広場においても、キッチンカーの出店・イベント開催をすることで、にぎわいづくりの創出や滞在時間の長期化を図る。",,,,,"県立アリーナを活用した観光コンテンツづくり事業実行委員会","歩行者道路",,,"34.3520429","134.0464953",,,,,,,,"季節のイベント","全員","なし","0","イベント",
"0",,,,,"あなぶきアリーナ香川クリスマスマーケット",,,2026-12-04T00:00:00.000Z,2026-12-04T00:00:00.000Z,"11:00","21:00",,"県立アリーナを活用した観光コンテンツづくり事業において、クリスマスマーケットを開催する。
歩行者道路においては、キッチンカーの出店を行うとともに、北側多目的広場においても、キッチンカーの出店・イベント開催をすることで、にぎわいづくりの創出や滞在時間の長期化を図る。",,,,,"県立アリーナを活用した観光コンテンツづくり事業実行委員会","歩行者道路",,,"34.3520429","134.0464953",,,,,,,,"季節のイベント","全員","なし","0","イベント",
"0",,,,,"あなぶきアリーナ香川クリスマスマーケット",,,2026-12-05T00:00:00.000Z,2026-12-05T00:00:00.000Z,"11:00","21:00",,"県立アリーナを活用した観光コンテンツづくり事業において、クリスマスマーケットを開催する。
歩行者道路においては、キッチンカーの出店を行うとともに、北側多目的広場においても、キッチンカーの出店・イベント開催をすることで、にぎわいづくりの創出や滞在時間の長期化を図る。",,,,,"県立アリーナを活用した観光コンテンツづくり事業実行委員会","歩行者道路",,,"34.3520429","134.0464953",,,,,,,,"季節のイベント","全員","なし","0","イベント",
"0",,,,,"あなぶきアリーナ香川クリスマスマーケット",,,2026-12-06T00:00:00.000Z,2026-12-06T00:00:00.000Z,"11:00","21:00",,"県立アリーナを活用した観光コンテンツづくり事業において、クリスマスマーケットを開催する。
歩行者道路においては、キッチンカーの出店を行うとともに、北側多目的広場においても、キッチンカーの出店・イベント開催をすることで、にぎわいづくりの創出や滞在時間の長期化を図る。",,,,,"県立アリーナを活用した観光コンテンツづくり事業実行委員会","歩行者道路",,,"34.3520429","134.0464953",,,,,,,,"季節のイベント","全員","なし","0","イベント",
"0",,,,,"キッチンカー骨付鳥販売",,,2026-04-04T00:00:00.000Z,2026-04-04T00:00:00.000Z,"13:00","21:00",,"香川県のご当地グルメを多くの皆様に知ってもらいたい",,,,,"シコク・フーズ商事株式会社","駅前　北",,,"34.3511921","134.0472065",,,,,,,,"食事","全員","なし","0","イベント",
"0",,,,,"さぬきマルシェinサンポート",,,2027-03-28T00:00:00.000Z,2027-03-28T00:00:00.000Z,"10:00","15:00",,"物販・飲食店のテントブースとキッチンカーの出店",,,,,"香川県県産品振興課","プロムナード",,,"34.3484775","134.0492375",,,,,,,,"買い物","全員","なし","0","イベント",
"0",,,,,"キッチンカーで骨付鳥の販売",,,2026-04-11T00:00:00.000Z,2026-04-11T00:00:00.000Z,"11:00","20:00",,"香川県のご当地グルメである骨付鳥を多くの皆さんに知っていただきたい。",,,,,"おやわか","駅前　北",,,"34.3511921","134.0472065",,,,,,,,"食事","全員","なし","0","イベント",
"0",,,,,"高松駅前公認ストリート",,,2026-04-11T00:00:00.000Z,2026-04-11T00:00:00.000Z,"09:00","18:00",,"高松駅に賑わいを",,,,,"鶴見志恩","駅前　北",,,"34.3510918","134.0472437",,,,,,,,"音楽","全員","なし","0","イベント",
"0",,,,,"キッチンカーで骨付鳥の販売",,,2026-04-12T00:00:00.000Z,2026-04-12T00:00:00.000Z,"10:00","21:00",,"香川県のご当地グルメでもある骨付鳥を多くの皆さんに知っていただきたい。",,,,,"おやわか","駅前　北",,,"34.3511921","134.0472065",,,,,,,,"食事","全員","なし","0","イベント",
"0",,,,,"高松駅公認ストリート",,,2026-04-04T00:00:00.000Z,2026-04-04T00:00:00.000Z,"10:00","17:00",,"高松駅前に音楽で賑わいを",,,,,"NextHarmony","駅前　北",,,"34.3510918","134.0472437",,,,,,,,"音楽","全員","なし","0","イベント",
"0",,,,,"ガーデンプロムナードフェスティバル",,,2026-05-30T00:00:00.000Z,2026-05-30T00:00:00.000Z,"10:00","15:00",,"物販・飲食・ワークショップの出店。(テントブースおよびキッチンカー)伝統芸能や音楽演奏などのイベントも不定期開催。",,,,,"香川県県産品振興課","プロムナード",,,"34.3484775","134.0492375",,,,,,,,"その他","全員","なし","0","イベント",
"0",,,,,"ガーデンプロムナードフェスティバル",,,2026-06-27T00:00:00.000Z,2026-06-27T00:00:00.000Z,"10:00","15:00",,"物販・飲食・ワークショップの出店。(テントブースおよびキッチンカー)伝統芸能や音楽演奏などのイベントも不定期開催。",,,,,"香川県県産品振興課","プロムナード",,,"34.3484775","134.0492375",,,,,,,,"その他","全員","なし","0","イベント",
"0",,,,,"アスパラ大騒ぎ２０２６",,,2026-04-12T00:00:00.000Z,2026-04-12T00:00:00.000Z,"11:00","16:30",,"香川県産アスパラガスの収穫祭。地産地消の推進、県内飲食店の振興、郷土愛の醸成を含めた地域活性の機会とする。
イベントは、アスパラガスを主役に、食はもちろんのこと、音楽、アート様々な分野の要素があり、収穫祭という文化を地域の豊かさや楽しさとともに共有できるようイベントづくりを行い、毎年、新コンテンツに挑戦している。今年度は、新品種アスパラガスの披露やアスパラZINEの発行を予定している。（添付　参考２０２５　報告書）
2013年より始まり、今年で13回目となる。（2013年4月、主旨に賛同した県内飲食店4店舗、農家2店舗とともにスタート。翌2014年には丸亀町壱番街前ドーム広場、2015年は高松南部3町ドーム、2016年、2017年は瓦町FLAG屋上カワラパーク、2018年は丸亀町壱番街前三町ドーム広場及び兵庫町商店街、2019年は、高松市中央公園で開催、TBSテレビでの全国放送で注目を集めた。2020年は感染症拡大防止の為、中止。2021年は感染症対策の為、分散開催、2022年は対策を施してふらっと仏生山で開催した。2023年から再び高松市中央公園にて開催、2025年は8,000人の集客。）",,,,,"アスパラ大騒ぎ実行委員会","歩行者道路",,,"34.3489639","134.0491069",,,,,,,,"お祭り","全員","なし","0","イベント",
"0",,,,,"キッチンカー骨付鳥販売",,,2026-04-01T00:00:00.000Z,2026-04-01T00:00:00.000Z,"15:00","19:00",,"香川県のご当地グルメである骨付鳥を多くの皆さんに知ってもらいたい",,,,,"シコク・フーズ商事株式会社","駅前　北",,,"34.3511921","134.0472065",,,,,,,,"食事","全員","なし","0","イベント",
"0",,,,,"キッチンカー骨付鳥販売",,,2026-04-10T00:00:00.000Z,2026-04-10T00:00:00.000Z,"15:00","19:00",,"香川県のご当地グルメである骨付鳥を多くの皆さんに知ってもらいたい",,,,,"シコク・フーズ商事株式会社","駅前　北",,,"34.3511921","134.0472065",,,,,,,,"食事","全員","なし","0","イベント",
"0",,,,,"キッチンカー骨付鳥販売",,,2026-04-16T00:00:00.000Z,2026-04-16T00:00:00.000Z,"15:00","19:00",,"香川県のご当地グルメである骨付鳥を多くの皆さんに知ってもらいたい",,,,,"シコク・フーズ商事株式会社","駅前　北",,,"34.3511921","134.0472065",,,,,,,,"食事","全員","なし","0","イベント",
"0",,,,,"ガーデンプロムナードフェスティバル",,,2026-10-31T00:00:00.000Z,2026-10-31T00:00:00.000Z,"10:00","15:00",,"物販・飲食・ワークショップの出店。(テントブースおよびキッチンカー)伝統芸能や音楽演奏などのイベントも不定期開催。",,,,,"香川県県産品振興課","プロムナード",,,"34.3484775","134.0492375",,,,,,,,"その他","全員","なし","0","イベント",
"0",,,,,"キッチンカー骨付鳥販売",,,2026-04-25T00:00:00.000Z,2026-04-25T00:00:00.000Z,"13:00","20:00",,"香川県のご当地グルメである骨付鳥を多くの皆さんに知ってもらいたい",,,,,"シコク・フーズ商事株式会社","駅前　北",,,"34.3511921","134.0472065",,,,,,,,"食事","全員","なし","0","イベント",
"0",,,,,"キッチンカー骨付鳥販売",,,2026-04-26T00:00:00.000Z,2026-04-26T00:00:00.000Z,"13:00","20:00",,"香川県のご当地グルメである骨付鳥を多くの皆さんに知ってもらいたい",,,,,"シコク・フーズ商事株式会社","駅前　北",,,"34.3511921","134.0472065",,,,,,,,"食事","全員","なし","0","イベント",
"0",,,,,"ストリートコミュニティー47都道府県ストリートツアー",,,2026-05-28T00:00:00.000Z,2026-05-28T00:00:00.000Z,"11:00","16:30",,"初心者から経験者まで様々な人がストリート音楽を通して交流し、地域活性化を目的とする。音楽を流しながらドラムやサックス、歌等の演奏をします。ソロでの演奏やセッションもあります。お客様のリクエスト曲にもお応えします。",,,,,"ストリートコミュニティー","駅前　北",,,"34.3510918","134.0472437",,,,,,,,"音楽","全員","なし","0","イベント",
"0",,,,,"肉肉パーク",,,2026-06-12T00:00:00.000Z,2026-06-12T00:00:00.000Z,"17:00","21:00",,"お肉をテーマにした食イベント",,,,,"肉肉パーク実行委員会","駅前　北",,,"34.3510918","134.0472437",,,,,,,,"その他","全員","なし","0","イベント",
"0",,,,,"せとうちまつり vol.1",,,2026-04-05T00:00:00.000Z,2026-04-05T00:00:00.000Z,"12:00","20:00",,"キッチンカー、テント飲食が並ぶほか、地元アーティストによるライブパフォーマンスを展開。
春休み最後の日曜日に、地域の子ども達が遊びに来られるイベントを開催します。",,,,,"後藤匠人","駅前　北",,,"34.3510918","134.0472437",,,,,,,,"お祭り","全員","なし","0","イベント",
"0",,,,,"肉肉パーク",,,2026-06-13T00:00:00.000Z,2026-06-13T00:00:00.000Z,"11:00","21:00",,"肉をテーマにした食イベント",,,,,"肉肉パーク実行委員会","駅前　北",,,"34.3510918","134.0472437",,,,,,,,"食事","全員","なし","0","イベント",
"0",,,,,"第11回 ロハスパーク高松@サンポート",,,2026-06-13T00:00:00.000Z,2026-06-13T00:00:00.000Z,"10:00","17:00",,"●ファミリー層を対象に、健康や環境保護を重視したライフスタイル「ロハス」の体験と普及
●高松市内外の地元団体、地域コミュニティの活性化及び市民との交流
●個人の自己実現の推進
様々な団体や地元団体がコラボすることによる、地域コミュニティ活性化の相乗効果を見込んでおります。また、自己表現の機会としてイベントを利用してもらい、自己表現や創作活動の推進を図ります。ロハスの趣旨を理解し、ゴミが出ないように出展者さんにもゴミの持ち帰りをしていただいています。",,,,,"ロハスパーク実行委員会","歩行者道路",,,"34.3520429","134.0464953",,,,,,,,"お祭り","全員","なし","0","イベント",
"0",,,,,"肉肉パーク",,,2026-06-14T00:00:00.000Z,2026-06-14T00:00:00.000Z,"09:00","20:00",,"お肉をテーマにした食イベント",,,,,"肉肉パーク実行委員会","駅前　北",,,"34.3510918","134.0472437",,,,,,,,"食事","全員","なし","0","イベント",
"0",,,,,"第11回 ロハスパーク高松@サンポート",,,2026-06-14T00:00:00.000Z,2026-06-14T00:00:00.000Z,"10:00","17:00",,"●ファミリー層を対象に、健康や環境保護を重視したライフスタイル「ロハス」の体験と普及
●高松市内外の地元団体、地域コミュニティの活性化及び市民との交流
●個人の自己実現の推進
様々な団体や地元団体がコラボすることによる、地域コミュニティ活性化の相乗効果を見込んでおります。また、自己表現の機会としてイベントを利用してもらい、自己表現や創作活動の推進を図ります。ロハスの趣旨を理解し、ゴミが出ないように出展者さんにもゴミの持ち帰りをしていただいています。",,,,,"ロハスパーク実行委員会","歩行者道路",,,"34.3520429","134.0464953",,,,,,,,"お祭り","全員","なし","0","イベント",
"0",,,,,"キッチンカー骨付鳥販売",,,2026-04-08T00:00:00.000Z,2026-04-08T00:00:00.000Z,"15:00","19:00",,"香川県のご当地グルメである骨付鳥を多くの皆さんに知ってもらいたい",,,,,"シコク・フーズ商事株式会社","駅前　北",,,"34.3511921","134.0472065",,,,,,,,"食事","全員","なし","0","イベント",
"0",,,,,"キッチンカー骨付鳥販売",,,2026-04-09T00:00:00.000Z,2026-04-09T00:00:00.000Z,"15:00","19:00",,"香川県のご当地グルメである骨付鳥を多くの皆さんに知ってもらいたい",,,,,"シコク・フーズ商事株式会社","駅前　北",,,"34.3511921","134.0472065",,,,,,,,"食事","全員","なし","0","イベント",
"0",,,,,"移動図書室 Side B わたしの世界を広げる一冊に会いにいく",,,2026-04-11T00:00:00.000Z,2026-04-11T00:00:00.000Z,"10:00","16:00",,"【コンセプト】

誰かの人生を少し動かした一冊に、あなたも出会う。

移動図書室Side Bは、高松で生きる人たちが選んだ「人生の転機になった本」を集めた展示型の本の企画です。

本そのものではなく、
「その本が、どんな瞬間に読まれ、何を変えたのか」
というストーリーと一緒に展示します。

本に添えられた一文や選書者の言葉をたどりながら、
来場者は自分の今の状態に近い一冊と出会います。

読むための場所ではなく、
少し立ち止まり、視界を広げるための場所。

話すためだけでもなく、
まだ言葉になっていない感覚を持ち帰るための場所。

Side Bがつくる、小さな移動図書室です。

【実施コンテンツ】

1. 「世界が広がった一冊」展示

高松で活動する人たちが選んだ本を展示。

選書者例

起業家

クリエイター

会社員

学生

Uターン・Iターン人材

地域プレイヤー

本屋 / 編集者 / 喫茶店主

各展示には以下を添える。

・本のタイトル
・選書者
・この本に出会ったタイミング
・世界が広がった一文
・来場者へのメッセージ

来場者は本の紹介文ではなく、
「人生の局面」から本と出会う。

2. 一文ライブラリー

本の中の印象的な一文だけを集めた展示。

本を全部読まなくても、
一文から世界に入る入口をつくる。

来場者はその言葉から
「読んでみたい本」を見つける。

3. 出会いのカード

来場者が持ち帰れるカード。

カード内容
・本の一文
・選書者の言葉
・本のタイトル
・Side Bの案内QR

本を買う前に、
まず言葉を持ち帰る。

4. 来場者メッセージボード

来場者が言葉を残す参加型企画。

テーマ例

・今気になっている問い
・最近出会ってよかった一冊
・これから出会いたい世界
・高松に増えてほしい文化

言葉は次の来場者に引き継がれていく。

5. ミニトーク（任意開催）

選書者による短いトーク。

テーマ例

・「この一冊が人生に与えた影響」
・「高松で世界を広げる働き方」
・「本を通じて自分の違和感に気づく」

読書イベントではなく、
生き方の話になることがポイント。

【この企画の価値】
来場者にとって

本の要約ではなく、誰かの人生の局面から本と出会える

自分の悩みや揺らぎに近い本を見つけやすい

深く読まなくても、一文から世界に入れる

誰かの言葉を受け取り、自分の言葉も残せる

本との出会いが、
「知識」ではなく視点の変化として持ち帰られる。

Side Bにとって

「探求ラウンジ」という思想をイベントとして可視化できる

本棚オーナー制度、会員制度、ポッドキャスト、トークイベントと接続できる

本を売る場所ではなく、思想に共感する人が集まる入口になる

出展企画として成立しながら、Side Bの世界観を伝えられる

文化企画は、見栄えだけだとすぐ消える。
思想がある企画は、次の活動につながる。

高松のまちにとって

本を媒介に、世代や職種を越えた会話が生まれる

地域で活動する人たちの存在が可視化される

観光イベントではなく、暮らす人の温度が見える文化企画になる",,,,,"サイドビー（株式会社かける小町）","駅前　北",,,"34.3511772","134.0474643",,,,,,,,"その他","全員","なし","0","イベント",
"0",,,,,"移動図書室 Side B -わたしの世界を広げる一冊に会いにいく-",,,2026-04-12T00:00:00.000Z,2026-04-12T00:00:00.000Z,"10:00","16:00",,"【コンセプト】

誰かの人生を少し動かした一冊に、あなたも出会う。

移動図書室Side Bは、高松で生きる人たちが選んだ「人生の転機になった本」を集めた展示型の本の企画です。

本そのものではなく、
「その本が、どんな瞬間に読まれ、何を変えたのか」
というストーリーと一緒に展示します。

本に添えられた一文や選書者の言葉をたどりながら、
来場者は自分の今の状態に近い一冊と出会います。

読むための場所ではなく、
少し立ち止まり、視界を広げるための場所。

話すためだけでもなく、
まだ言葉になっていない感覚を持ち帰るための場所。

Side Bがつくる、小さな移動図書室です。

【実施コンテンツ】

1. 「世界が広がった一冊」展示

高松で活動する人たちが選んだ本を展示。

選書者例

起業家

クリエイター

会社員

学生

Uターン・Iターン人材

地域プレイヤー

本屋 / 編集者 / 喫茶店主

各展示には以下を添える。

・本のタイトル
・選書者
・この本に出会ったタイミング
・世界が広がった一文
・来場者へのメッセージ

来場者は本の紹介文ではなく、
「人生の局面」から本と出会う。

2. 一文ライブラリー

本の中の印象的な一文だけを集めた展示。

本を全部読まなくても、
一文から世界に入る入口をつくる。

来場者はその言葉から
「読んでみたい本」を見つける。

3. 出会いのカード

来場者が持ち帰れるカード。

カード内容
・本の一文
・選書者の言葉
・本のタイトル
・Side Bの案内QR

本を買う前に、
まず言葉を持ち帰る。

4. 来場者メッセージボード

来場者が言葉を残す参加型企画。

テーマ例

・今気になっている問い
・最近出会ってよかった一冊
・これから出会いたい世界
・高松に増えてほしい文化

言葉は次の来場者に引き継がれていく。

5. ミニトーク（任意開催）

選書者による短いトーク。

テーマ例

・「この一冊が人生に与えた影響」
・「高松で世界を広げる働き方」
・「本を通じて自分の違和感に気づく」

読書イベントではなく、
生き方の話になることがポイント。

【この企画の価値】
来場者にとって

本の要約ではなく、誰かの人生の局面から本と出会える

自分の悩みや揺らぎに近い本を見つけやすい

深く読まなくても、一文から世界に入れる

誰かの言葉を受け取り、自分の言葉も残せる

本との出会いが、
「知識」ではなく視点の変化として持ち帰られる。

Side Bにとって

「探求ラウンジ」という思想をイベントとして可視化できる

本棚オーナー制度、会員制度、ポッドキャスト、トークイベントと接続できる

本を売る場所ではなく、思想に共感する人が集まる入口になる

出展企画として成立しながら、Side Bの世界観を伝えられる

文化企画は、見栄えだけだとすぐ消える。
思想がある企画は、次の活動につながる。

高松のまちにとって

本を媒介に、世代や職種を越えた会話が生まれる

地域で活動する人たちの存在が可視化される

観光イベントではなく、暮らす人の温度が見える文化企画になる",,,,,"サイドビー（株式会社かける小町）","駅前　北",,,"34.3511772","134.0474643",,,,,,,,"その他","全員","なし","0","イベント",
"0",,,,,"キッチンカー",,,2026-04-11T00:00:00.000Z,2026-04-11T00:00:00.000Z,"09:00","19:00",,"キッチンカーで美味しい料理を提供して滞在を増やして楽しんでもらいたい。",,,,,"GOATS cafe","プロムナード",,,"34.3484775","134.0492375",,,,,,,,"食事","全員","なし","0","イベント",
"0",,,,,"キッチンカー",,,2026-04-12T00:00:00.000Z,2026-04-12T00:00:00.000Z,"09:00","17:00",,"キッチンカーで美味しい料理を提供して滞在を増やして楽しんでもらいたい。",,,,,"惠原　良","駅前　北",,,"34.3513063","134.0471784",,,,,,,,"食事","全員","なし","0","イベント",
"0",,,,,"キッチンカー",,,2026-04-25T00:00:00.000Z,2026-04-25T00:00:00.000Z,"09:00","18:00",,"キッチンカーで美味しい料理を提供して滞在を増やして楽しんでもらいたい。",,,,,"惠原　良","歩行者道路",,,"34.3520429","134.0464953",,,,,,,,"食事","全員","なし","0","イベント",
"0",,,,,"キッチンカー",,,2026-04-26T00:00:00.000Z,2026-04-26T00:00:00.000Z,"09:00","18:00",,"キッチンカーで美味しい料理を提供して滞在を増やして楽しんでもらいたい。",,,,,"惠原　良","歩行者道路",,,"34.3520429","134.0464953",,,,,,,,"食事","全員","なし","0","イベント",
"0",,,,,"大道芸人てぃがーの大道芸",,,2026-04-20T00:00:00.000Z,2026-04-20T00:00:00.000Z,"10:00","18:00",,"パフォーマンスとその後の誘導（周りの美味しい食べ物屋の軽い紹介など）

パフォーマンスは大道芸（ディアボロとダイススタッキング）",,,,,"大道芸人てぃがー","駅前　北",,,"34.3510918","134.0472437",,,,,,,,"文化・芸術","全員","なし","0","イベント",
"0",,,,,"NextHarmonyフェス",,,2026-05-02T00:00:00.000Z,2026-05-02T00:00:00.000Z,"09:00","18:00",,"高松駅前に賑わいを",,,,,"鶴見志恩","駅前　北",,,"34.3510918","134.0472437",,,,,,,,"音楽","全員","なし","0","イベント",
"0",,,,,"キッチンカー骨付鳥販売",,,2026-04-30T00:00:00.000Z,2026-04-30T00:00:00.000Z,"12:00","19:00",,"香川名物のご当地グルメである骨付鳥を多くの皆さんに知ってもらいたい",,,,,"シコク・フーズ商事株式会社","駅前　北",,,"34.3511921","134.0472065",,,,,,,,"食事","全員","なし","0","イベント",
"0",,,,,"キッチンカー骨付鳥販売",,,2026-05-01T00:00:00.000Z,2026-05-01T00:00:00.000Z,"12:00","19:00",,"香川名物のご当地グルメである骨付鳥を多くの皆さんに知ってもらいたい",,,,,"シコク・フーズ商事株式会社","駅前　北",,,"34.3511921","134.0472065",,,,,,,,"食事","全員","なし","0","イベント",
"0",,,,,"キッチンカー骨付鳥販売",,,2026-05-02T00:00:00.000Z,2026-05-02T00:00:00.000Z,"12:00","19:00",,"香川名物のご当地グルメである骨付鳥を多くの皆さんに知ってもらいたい",,,,,"シコク・フーズ商事株式会社","駅前　北",,,"34.3512616","134.0473991",,,,,,,,"食事","全員","なし","0","イベント",
"0",,,,,"キッチンカー骨付鳥販売",,,2026-05-07T00:00:00.000Z,2026-05-07T00:00:00.000Z,"12:00","19:00",,"香川名物のご当地グルメである骨付鳥を多くの皆さんに知ってもらいたい",,,,,"シコク・フーズ商事株式会社","駅前　南",,,"34.3502289","134.0473078",,,,,,,,"食事","全員","なし","0","イベント",
"0",,,,,"キッチンカー骨付鳥販売",,,2026-05-08T00:00:00.000Z,2026-05-08T00:00:00.000Z,"12:00","19:00",,"香川名物のご当地グルメである骨付鳥を多くの皆さんに知ってもらいたい",,,,,"シコク・フーズ商事株式会社","駅前　南",,,"34.3502289","134.0473078",,,,,,,,"食事","全員","なし","0","イベント",
"0",,,,,"香川の街に音楽を〜",,,2026-04-26T00:00:00.000Z,2026-04-26T00:00:00.000Z,"09:00","17:00",,"音楽イベント",,,,,"鶴見志恩","駅前　北",,,"34.3510918","134.0472437",,,,,,,,"音楽","全員","なし","0","イベント",
"0",,,,,"高松駅前マンスリー路上ライブ",,,2026-04-18T00:00:00.000Z,2026-04-18T00:00:00.000Z,"13:00","16:30",,"月に一度、高松駅前にて地元ミュージシャンが集い、音楽演奏を通して交流を深めるとともに、地域のにぎわい創出と活性化を図ることを目的として本イベントを開催いたします。",,,,,"音夢サウンド","駅前　北",,,"34.3511921","134.0472065",,,,,,,,"音楽","全員","なし","0","イベント",
"0",,,,,"高松大道芸フェスタ2026",,,2026-10-04T00:00:00.000Z,2026-10-04T00:00:00.000Z,"11:30","17:00",,"街角から様々な音楽があふれ、コミュニティや年齢を超えて街行く人々が文化に出会い楽しみことを通して高松の賑わいを創出する「まちなかパフォ―マス事業」として開催",,,,,"MUSIC BLUE TAKAMATSU 実行委員会","駅前　北",,,"34.3510918","134.0472437",,,,,,,,"文化・芸術","全員","なし","0","イベント",
"0",,,,,"香川の街に音楽をNextHarmony公認ストリート",,,2026-05-17T00:00:00.000Z,2026-05-17T00:00:00.000Z,"09:00","17:00",,"高松駅前に賑わいを",,,,,"鶴見志恩","駅前　北",,,"34.3510918","134.0472437",,,,,,,,"音楽","全員","なし","0","イベント",
"0",,,,,"キッチンカー",,,2026-05-04T00:00:00.000Z,2026-05-04T00:00:00.000Z,"10:00","19:00",,"キッチンカーで美味しい料理を提供して滞在を増やして楽しんでもらいたい。",,,,,"惠原　良","歩行者道路",,,"34.3520429","134.0464953",,,,,,,,"食事","全員","なし","0","イベント",
"0",,,,,"キッチンカー",,,2026-05-05T00:00:00.000Z,2026-05-05T00:00:00.000Z,"09:00","17:00",,"キッチンカーで美味しい料理を提供して滞在を増やして楽しんでもらいたい。",,,,,"惠原　良","歩行者道路",,,"34.3520429","134.0464953",,,,,,,,"食事","全員","なし","0","イベント",
"0",,,,,"キッチンカー骨付鳥販売",,,2026-05-11T00:00:00.000Z,2026-05-11T00:00:00.000Z,"15:00","19:00",,"香川県のご当地グルメである骨付鳥を多くの皆さんに知ってもらいたい",,,,,"シコク・フーズ商事株式会社","駅前　北",,,"34.3511921","134.0472065",,,,,,,,"食事","全員","なし","0","イベント",
"0",,,,,"キッチンカー骨付鳥販売",,,2026-05-12T00:00:00.000Z,2026-05-12T00:00:00.000Z,"15:00","19:00",,"香川県のご当地グルメである骨付鳥を多くの皆さんに知ってもらいたい",,,,,"シコク・フーズ商事株式会社","駅前　北",,,"34.3511921","134.0472065",,,,,,,,"食事","全員","なし","0","イベント",
"0",,,,,"キッチンカー骨付鳥販売",,,2026-05-13T00:00:00.000Z,2026-05-13T00:00:00.000Z,"15:00","19:00",,"香川県のご当地グルメである骨付鳥を多くの皆さんに知ってもらいたい",,,,,"シコク・フーズ商事株式会社","駅前　北",,,"34.3511921","134.0472065",,,,,,,,"食事","全員","なし","0","イベント",
"0",,,,,"キッチンカー骨付鳥販売",,,2026-05-14T00:00:00.000Z,2026-05-14T00:00:00.000Z,"15:00","19:00",,"香川県のご当地グルメである骨付鳥を多くの皆さんに知ってもらいたい",,,,,"シコク・フーズ商事株式会社","駅前　北",,,"34.3511921","134.0472065",,,,,,,,"食事","全員","なし","0","イベント",
"0",,,,,"キッチンカー骨付鳥販売",,,2026-05-10T00:00:00.000Z,2026-05-10T00:00:00.000Z,"12:00","19:00",,"香川県のご当地グルメである骨付鳥を多くの皆さんに知ってもらいたい",,,,,"シコク・フーズ商事株式会社","駅前　南",,,"34.3502289","134.0473078",,,,,,,,"食事","全員","なし","0","イベント",
"0",,,,,"高松駅公認ストリートNextHarmony",,,2026-05-16T00:00:00.000Z,2026-05-16T00:00:00.000Z,"09:00","17:00",,"駅前に賑わい創出",,,,,"NextHarmony","駅前　北",,,"34.3510918","134.0472437",,,,,,,,"音楽","全員","なし","0","イベント",
"0",,,,,"さぬきマルシェinサンポート",,,2026-06-07T00:00:00.000Z,2026-06-07T00:00:00.000Z,"10:00","15:00",,"物販・飲食店のテントブースとキッチンカーの出店",,,,,"香 川県県産品振興課","歩行者道路",,,"34.3520429","134.0464953",,,,,,,,"買い物","全員","なし","0","イベント",
"0",,,,,"さぬきマルシェinサンポート",,,2026-09-23T00:00:00.000Z,2026-09-23T00:00:00.000Z,"10:00","15:00",,"物販・飲食店のテントブースとキッチンカーの出店",,,,,"香 川県県産品振興課","プロムナード",,,"34.3484775","134.0492375",,,,,,,,"買い物","全員","なし","0","イベント",
"0",,,,,"キッチンカー骨付鳥販売",,,2026-05-29T00:00:00.000Z,2026-05-29T00:00:00.000Z,"12:00","21:00",,"香川県のご当地グルメである骨付鳥を多くの皆さんに知ってもらいたい",,,,,"シコク・フーズ商事株式会社","駅前　北",,,"34.3511921","134.0472065",,,,,,,,"食事","全員","なし","0","イベント",
"0",,,,,"うどん脳万博2026 -１５周年だよ！全員集合！-",,,2026-11-28T00:00:00.000Z,2026-11-28T00:00:00.000Z,"10:00","18:00",,"うどん脳15周年を記念したパーティを開催
●入場料/無料　●時間/11：00〜17：30（予定）
●ステージ催し物：ご当地キャラPRタイム、高松市PRタイム、イルミネーションパレード、記念撮影会など
●デックスガレリア：キャラクターPRブース、高松市観光PR・ふるさと納税ブースなど
●駅前広場（北）：キッチンカーマルシェ/10台予定",,,,,"うどん脳万博実行委員会","駅前　北",,,"34.3510918","134.0472437",,,,,,,,"その他","全員","なし","0","イベント",
"0",,,,,"NextHarmony",,,2026-05-30T00:00:00.000Z,2026-05-30T00:00:00.000Z,"09:00","17:00",,"高松駅前に賑わいを",,,,,"NextHarmony","駅前　北",,,"34.3510918","134.0472437",,,,,,,,"音楽","全員","なし","0","イベント",
"0",,,,,"さぬきマルシェinサンポート",,,2026-05-24T00:00:00.000Z,2026-05-24T00:00:00.000Z,"10:00","15:00",,"物販・飲食店のテントブースとキッチンカーの出店",,,,,"香 川県県産品振興課","駅前　北",,,"34.3510918","134.0472437",,,,,,,,"買い物","全員","なし","0","イベント",
"0",,,,,"さぬきマルシェinサンポート",,,2026-06-28T00:00:00.000Z,2026-06-28T00:00:00.000Z,"10:00","15:00",,"物販・飲食店のテントブースとキッチンカーの出店",,,,,"香 川県県産品振興課","駅前　北",,,"34.3510918","134.0472437",,,,,,,,"買い物","全員","なし","0","イベント",
"0",,,,,"さぬきマルシェinサンポート",,,2026-09-27T00:00:00.000Z,2026-09-27T00:00:00.000Z,"10:00","15:00",,"物販・飲食店のテントブースとキッチンカーの出店",,,,,"香 川県県産品振興課","駅前　北",,,"34.3510918","134.0472437",,,,,,,,"買い物","全員","なし","0","イベント",
"0",,,,,"さぬきマルシェinサンポート",,,2026-10-25T00:00:00.000Z,2026-10-25T00:00:00.000Z,"10:00","15:00",,"物販・飲食店のテントブースとキッチンカーの出店",,,,,"香 川県県産品振興課","駅前　北",,,"34.3510918","134.0472437",,,,,,,,"買い物","全員","なし","0","イベント",
"0",,,,,"さぬきマルシェinサンポート",,,2027-01-24T00:00:00.000Z,2027-01-24T00:00:00.000Z,"10:00","15:00",,"物販・飲食店のテントブースとキッチンカーの出店",,,,,"香 川県県産品振興課","駅前　北",,,"34.3510918","134.0472437",,,,,,,,"買い物","全員","なし","0","イベント",
"0",,,,,"さぬきマルシェinサンポート",,,2027-02-28T00:00:00.000Z,2027-02-28T00:00:00.000Z,"10:00","15:00",,"物販・飲食店のテントブースとキッチンカーの出店",,,,,"香 川県県産品振興課","駅前　北",,,"34.3510918","134.0472437",,,,,,,,"買い物","全員","なし","0","イベント",
"0",,,,,"さぬきマルシェinサンポート",,,2027-03-14T00:00:00.000Z,2027-03-14T00:00:00.000Z,"10:00","15:00",,"物販・飲食店のテントブースとキッチンカーの出店",,,,,"香 川県県産品振興課","駅前　北",,,"34.3510918","134.0472437",,,,,,,,"買い物","全員","なし","0","イベント",
"0",,,,,"キッチンカー",,,2026-05-30T00:00:00.000Z,2026-05-30T00:00:00.000Z,"09:00","19:00",,"キッチンカーで美味しいご飯を楽しんでもらいたい。",,,,,"惠原　良","歩行者道路",,,"34.3526356","134.046173",,,,,,,,"食事","全員","なし","0","イベント",
"0",,,,,"キッチンカー",,,2026-05-05T00:00:00.000Z,2026-05-05T00:00:00.000Z,"09:00","19:00",,"キッチンカーで美味しいご飯を食べて頂きたいです。",,,,,"惠原　良","歩行者道路",,,"34.3526356","134.046173",,,,,,,,"食事","全員","なし","0","イベント",
"0",,,,,"キッチンカー",,,2026-05-23T00:00:00.000Z,2026-05-23T00:00:00.000Z,"09:00","18:00",,"キッチンカーで美味しいご飯を食べて頂きたいです。",,,,,"惠原　良","歩行者道路",,,"34.3526356","134.046173",,,,,,,,"食事","全員","なし","0","イベント",
"0",,,,,"キッチンカー",,,2026-05-31T00:00:00.000Z,2026-05-31T00:00:00.000Z,"09:00","18:00",,"キッチンカーで美味しいご飯を食べて頂きたいです。",,,,,"惠原　良","歩行者道路",,,"34.3526356","134.046173",,,,,,,,"食事","全員","なし","0","イベント",
"0",,,,,"キッチンカー",,,2026-05-24T00:00:00.000Z,2026-05-24T00:00:00.000Z,"09:00","20:00",,"キッチンカーで美味しいご飯を食べて頂きたいです。",,,,,"惠原　良","駅前　南",,,"34.3502289","134.0473078",,,,,,,,"食事","全員","なし","0","イベント",
"0",,,,,"NextHarmonyフェス",,,2026-06-06T00:00:00.000Z,2026-06-06T00:00:00.000Z,"09:00","17:00",,"香川県賑わい創出
駅前に音楽を",,,,,"NextHarmony","駅前　北",,,"34.3511921","134.0472065",,,,,,,,"音楽","全員","なし","0","イベント",
"0",,,,,"NextHarmonyフェス",,,2026-06-07T00:00:00.000Z,2026-06-07T00:00:00.000Z,"09:00","17:00",,"香川県賑わい創出
駅前に音楽を",,,,,"NextHarmony","駅前　北",,,"34.3513063","134.0471784",,,,,,,,"音楽","全員","なし","0","イベント",
"0",,,,,"ガーデンプロムナードフェスティバル",,,2027-02-14T00:00:00.000Z,2027-02-14T00:00:00.000Z,"10:00","16:00",,"物販・飲食・ワークショップの出店。(テントブースおよびキッチンカー)伝統芸能や音楽演奏などのイベントも不定期開催。",,,,,"香川県県産品振興課","プロムナード",,,"34.3513997","134.0457393",,,,,,,,"その他","全員","なし","0","イベント",
"0",,,,,"キッチンカー骨付鳥販売",,,2026-05-19T00:00:00.000Z,2026-05-19T00:00:00.000Z,"15:00","19:00",,"香川県のご当地グルメである骨付鳥を多くの皆さんに知ってもらいたい",,,,,"シコク・フーズ商事株式会社","駅前　南",,,"34.3502289","134.0473078",,,,,,,,"食事","全員","なし","0","イベント",
"0",,,,,"NextHarmony",,,2026-05-31T00:00:00.000Z,2026-05-31T00:00:00.000Z,"09:00","17:00",,"高松駅前賑わい創出",,,,,"NextHarmony","駅前　北",,,"34.3510918","134.0472437",,,,,,,,"音楽","全員","なし","0","イベント",
"0",,,,,"キッチンカー骨付鳥販売",,,2026-06-02T00:00:00.000Z,2026-06-02T00:00:00.000Z,"13:00","21:00",,"香川県のご当地グルメである骨付鳥を多くの皆さんに知ってもらいたい",,,,,"シコク・フーズ商事株式会社","駅前　北",,,"34.3511921","134.0472065",,,,,,,,"食事","全員","なし","0","イベント",
"0",,,,,"さぬきマルシェinサンポート",,,2026-06-07T00:00:00.000Z,2026-06-07T00:00:00.000Z,"10:00","15:00",,"物販・飲食店のテントブースとキッチンカーの出店",,,,,"香 川県県産品振興課","プロムナード",,,"34.3484775","134.0492375",,,,,,,,"買い物","全員","なし","0","イベント",
"0",,,,,"VOLUPTE MEIDEN プロモーションライブ Vol.1",,,2026-05-23T00:00:00.000Z,2026-05-23T00:00:00.000Z,"13:00","15:00",,"女性3人のボーカルグループでダンスと歌のパフォーマンスをします。",,,,,"永町一樹","駅前　北",,,"34.3510918","134.0472437",,,,,,,,"音楽","全員","なし","0","イベント",
"0",,,,,"高松駅前マンスリー路上ライブ",,,2026-05-23T00:00:00.000Z,2026-05-23T00:00:00.000Z,"15:45","18:00",,"月に一度、高松駅前にて地元ミュージシャンが集い、音楽演奏を通して交流を深めるとともに、地域のにぎわい創出と活性化を図ることを目的として本イベントを開催いたします。",,,,,"音夢サウンド企画","駅前　北",,,"34.3513063","134.0471784",,,,,,,,"音楽","全員","なし","0","イベント",
"0",,,,,"かがわ生涯スポーツフェスティバル2026",,,2026-06-20T00:00:00.000Z,2026-06-20T00:00:00.000Z,"10:00","16:00",,"歩行者道路・多目的広場・デックスガレリアにてサンポートにてスポーツイベントを開催。
子供からお年寄りまで、老若男女の方々がスコアを競い合うイベントです。
今年度は大きな世界大会もあり、また高松市は2027年度から中学校での部活動の地域化など、スポーツを始めるハードルが高くなることが予測されているために、香川県教育委員会保健体育課さんに後援いただき、誰でも参加できるスポーツイベントを開催します。",,,,,"株式会社ナイスタウン","歩行者道路",,,"34.3520429","134.0464953",,,,,,,,"スポーツ・ウェルネス","全員","なし","0","イベント",
"0",,,,,"第3回サンポート高松夏祭り　ーレトロが灯る、ノスタルジーな夏の夜ー",,,2026-07-30T00:00:00.000Z,2026-07-30T00:00:00.000Z,"15:00","21:00",,"夏祭りの一部として伝統的な「やぐら」を設置し、様々な曲に合わせて盆踊りを実施。全体のテーマに「レトロ」や「ノスタルジー」を掲げ、屋台や縁日は「レトロ」をイメージしたラインナップで展開。スカイランタンを飛ばすなど記憶に残る空間を作り、サンポート周辺を盛り上げます。",,,,,"株式会社 i-Link","歩行者道路",,,"34.3520429","134.0464953",,,,,,,,"お祭り","全員","なし","0","イベント",
"0",,,,,"第3回サンポート高松夏祭り　ーレトロが灯る、ノスタルジーな夏の夜ー",,,2026-07-31T00:00:00.000Z,2026-07-31T00:00:00.000Z,"15:00","21:00",,"夏祭りの一部として伝統的な「やぐら」を設置し、様々な曲に合わせて盆踊りを実施。全体のテーマに「レトロ」や「ノスタルジー」を掲げ、屋台や縁日は「レトロ」をイメージしたラインナップで展開。
スカイランタンを飛ばすなど記憶に残る空間を作り、サンポート周辺を盛り上げます。",,,,,"株式会社 i-Link","歩行者道路",,,"34.3520429","134.0464953",,,,,,,,"お祭り","全員","なし","0","イベント",
"0",,,,,"第3回サンポート高松夏祭り　ーレトロが灯る、ノスタルジーな夏の夜ー",,,2026-08-01T00:00:00.000Z,2026-08-01T00:00:00.000Z,"12:00","21:00",,"夏祭りの一部として伝統的な「やぐら」を設置し、様々な曲に合わせて盆踊りを実施。全体のテーマに「レトロ」や「ノスタルジー」を掲げ、屋台や縁日は「レトロ」をイメージしたラインナップで展開。
スカイランタンを飛ばすなど記憶に残る空間を作り、サンポート周辺を盛り上げます。",,,,,"株式会社 i-Link","歩行者道路",,,"34.3520429","134.0464953",,,,,,,,"お祭り","全員","なし","0","イベント",
"0",,,,,"第3回サンポート高松夏祭り　ーレトロが灯る、ノスタルジーな夏の夜ー",,,2026-08-02T00:00:00.000Z,2026-08-02T00:00:00.000Z,"15:00","21:00",,"夏祭りの一部として伝統的な「やぐら」を設置し、様々な曲に合わせて盆踊りを実施。全体のテーマに「レトロ」や「ノスタルジー」を掲げ、屋台や縁日は「レトロ」をイメージしたラインナップで展開。
スカイランタンを飛ばすなど記憶に残る空間を作り、サンポート周辺を盛り上げます。",,,,,"株式会社 i-Link","歩行者道路",,,"34.3520429","134.0464953",,,,,,,,"お祭り","全員","なし","0","イベント",
"0",,,,,"第3回サンポート高松夏祭り　ーレトロが灯る、ノスタルジーな夏の夜ー",,,2026-08-03T00:00:00.000Z,2026-08-03T00:00:00.000Z,"09:00","17:00",,"夏祭りの一部として伝統的な「やぐら」を設置し、様々な曲に合わせて盆踊りを実施。全体のテーマに「レトロ」や「ノスタルジー」を掲げ、屋台や縁日は「レトロ」をイメージしたラインナップで展開。
スカイランタンを飛ばすなど記憶に残る空間を作り、サンポート周辺を盛り上げます。",,,,,"株式会社 i-Link","歩行者道路",,,"34.3520429","134.0464953",,,,,,,,"お祭り","全員","なし","0","イベント",
"0",,,,,"肉肉パーク",,,2026-06-11T00:00:00.000Z,2026-06-11T00:00:00.000Z,"15:00","18:00",,"お肉をテーマにしたイベント（別紙実施計画書添付）",,,,,"肉肉パーク実行委員会","駅前　北",,,"34.3510918","134.0472437",,,,,,,,"食事","全員","なし","0","イベント",
"0",,,,,"キッチンカーで骨付鳥の販売",,,2026-06-27T00:00:00.000Z,2026-06-27T00:00:00.000Z,"12:00","20:00",,"香川県のご当地グルメである骨付鳥を多くの皆さんに知ってもらいたい",,,,,"シコク・フーズ商事","駅前　北",,,"34.3511921","134.0472065",,,,,,,,"食事","全員","なし","0","イベント",
"0",,,,,"キッチンカーで骨付鳥を販売",,,2026-06-28T00:00:00.000Z,2026-06-28T00:00:00.000Z,"12:00","19:00",,"香川県のご当地グルメでもある骨付鳥を多くの皆さんに知ってもらいたい",,,,,"シコク・フーズ商事株式会社","駅前　南",,,"34.3502289","134.0473078",,,,,,,,"食事","全員","なし","0","イベント",
"0",,,,,"ベトナム料理販売",,,2026-05-30T00:00:00.000Z,2026-05-30T00:00:00.000Z,"09:00","17:00",,"ベトナム料理",,,,,"Takamatsu shi","歩行者道路",,,"34.3489639","134.0491069",,,,,,,,"お祭り","全員","なし","0","イベント",
"0",,,,,"水かけフェス2026 inサンポート高松",,,2026-08-22T00:00:00.000Z,2026-08-22T00:00:00.000Z,"11:00","20:00",,"資料をご確認ください。",,,,,"出る杭集団イベント実行委員会","歩行者道路",,,"34.3520429","134.0464953",,,,,,,,"季節のイベント","全員","なし","0","イベント",
"0",,,,,"高松駅前マンスリー路上ライブ",,,2026-06-21T00:00:00.000Z,2026-06-21T00:00:00.000Z,"16:00","18:00",,"月に一度、高松駅前にて地元ミュージシャンが集い、音楽演奏を通して交流を深めるとともに、地域のにぎわい創出と活性化を図ることを目的として本イベントを開催いたします。",,,,,"音夢サウンド企画","駅前　北",,,"34.3511921","134.0472065",,,,,,,,"音楽","全員","なし","0","イベント",
"0",,,,,"NextHarmony公認ストリート",,,2026-07-04T00:00:00.000Z,2026-07-04T00:00:00.000Z,"09:00","17:00",,"駅前に賑わい創出",,,,,"NextHarmony","駅前　北",,,"34.3511921","134.0472065",,,,,,,,"音楽","全員","なし","0","イベント",
"0",,,,,"ガーデンプロムナードフェスティバル",,,2026-06-20T00:00:00.000Z,2026-06-20T00:00:00.000Z,"10:00","16:00",,"１.	ガーデンプロムナードフェスティバルとは
　JR高松駅北側道路の「サンポートガーデンプロムナード」での香川県産品をPRするためイベントです。",,,,,"NPO法人アーキペラゴ","プロムナード",,,"34.3484775","134.0492375",,,,,,,,"食事","全員","なし","0","イベント",
"0",,,,,"キッチンカー",,,2026-06-13T00:00:00.000Z,2026-06-13T00:00:00.000Z,"09:00","17:00",,"キッチンカーで美味しい料理を提供したいです。",,,,,"惠原　良","プロムナード",,,"34.3484775","134.0492375",,,,,,,,"食事","全員","なし","0","イベント",
"0",,,,,"キッチンカー",,,2026-06-27T00:00:00.000Z,2026-06-27T00:00:00.000Z,"09:00","17:00",,"キッチンカーで美味しい料理を提供したい。",,,,,"惠原　良","駅前　北",,,"34.3513063","134.0471784",,,,,,,,"食事","全員","なし","0","イベント",
"0",,,,,"キッチンカー",,,2026-06-28T00:00:00.000Z,2026-06-28T00:00:00.000Z,"09:00","17:00",,"キッチンカーで美味しい料理を提供したい。",,,,,"惠原　良","駅前　南",,,"34.3500744","134.0474153",,,,,,,,"食事","全員","なし","0","イベント",
"0",,,,,"キッチンカーで骨付鳥を販売",,,2026-07-12T00:00:00.000Z,2026-07-12T00:00:00.000Z,"13:00","20:00",,"香川県のご当地グルメでもある骨付鳥を多くの皆さんに知ってもらいたい",,,,,"シコク・フーズ商事株式会社","駅前　北",,,"34.3511921","134.0472065",,,,,,,,"食事","全員","なし","0","イベント",
"0",,,,,"キッチンカーで骨付鳥を販売",,,2026-07-14T00:00:00.000Z,2026-07-14T00:00:00.000Z,"12:00","21:00",,"香川県のご当地グルメでもある骨付鳥を多くの方に知ってもらいたい",,,,,"シコク・フーズ商事株式会社","駅前　北",,,"34.3511921","134.0472065",,,,,,,,"食事","全員","なし","0","イベント",
"0",,,,,"キッチンカーで骨付鳥を販売",,,2026-07-15T00:00:00.000Z,2026-07-15T00:00:00.000Z,"12:00","21:00",,"香川県のご当地グルメでもある骨付鳥を多くの方に知ってもらいたい",,,,,"シコク・フーズ商事株式会社","駅前　北",,,"34.3511921","134.0472065",,,,,,,,"食事","全員","なし","0","イベント",
"0",,,,,"キッチンカーで骨付鳥を販売",,,2026-07-18T00:00:00.000Z,2026-07-18T00:00:00.000Z,"12:00","21:00",,"香川県のご当地グルメでもある骨付鳥を多くの方に知ってもらいたい",,,,,"シコク・フーズ商事株式会社","駅前　北",,,"34.3511921","134.0472065",,,,,,,,"食事","全員","なし","0","イベント",
"0",,,,,"YOKKE高松マルシェ",,,2026-11-22T00:00:00.000Z,2026-11-22T00:00:00.000Z,"10:00","18:00",,"【イベント概要】
このイベントは、高松市政策課地域活力推進室が主催する「令和８年度オンライン高松ファンコミュニティ 運営業務委託 」内の事業（コミュニティ名＝YOKKE高松）の一環として開催されるものです。高松が好きなコミュニティメンバーみんなで作り上げるアットホームなマルシェとして、高松市在住者や観光客双方に楽しめる企画を目指しています。

【開催の目的】
一番の目的は、「高松の魅力を発信すること」と「人と人が自然に繋がれる場所を作ること」です。
YOKKE高松には、地元の方、新しく高松に移住してきた方、そして「高松が大好きで定期的に通っている」という市外のファン（関係人口）など、多様なメンバーが集まっています。そんな私たちが、それぞれの視点で見つけた高松の面白いところや美味しいものを、駅前広場から発信します。
ただお買い物をするだけでなく、お店の人やお客さん同士が「こんにちは！」「高松のどこから来たんですか？」と気軽に言葉を交わせるような、温かい交流の場を作りたいと考えています。

【具体的なイベント内容】
会場には、YOKKE高松のメンバーそれぞれの個性を活かした、バラエティ豊かなブースが並ぶ予定です。
▼出店想定
雑貨、古本、体験ブース、軽飲食等",,,,,"令和８年度オンライン高松ファンコミュニティ 運営業務委託","駅前　北",,,"34.3510918","134.0472437",,,,,,,,"買い物","全員","なし","0","イベント",
"0",,,,,"第8回YOSAKOI高松祭り",,,2026-12-05T00:00:00.000Z,2026-12-05T00:00:00.000Z,"11:00","18:00",,"資料を添付いたします。",,,,,"第8回YOSAKOI高松祭り実行委員会","駅前　北",,,"34.3510918","134.0472437",,,,,,,,"お祭り","全員","なし","0","イベント",
"0",,,,,"第8回YOSAKOI高松祭り",,,2026-12-06T00:00:00.000Z,2026-12-06T00:00:00.000Z,"11:00","20:00",,"資料を添付いたします。",,,,,"第8回YOSAKOI高松祭り実行委員会","駅前　北",,,"34.3510918","134.0472437",,,,,,,,"お祭り","全員","なし","0","イベント",
"0",,,,,"キッチンカーで骨付鳥を販売",,,2026-07-19T00:00:00.000Z,2026-07-19T00:00:00.000Z,"12:00","21:00",,"香川県のご当地グルメでもある骨付鳥を多くの方に知ってもらいたい",,,,,"シコク・フーズ商事株式会社","駅前　北",,,"34.3511921","134.0472065",,,,,,,,"食事","全員","なし","0","イベント",
"0",,,,,"小津和涼路上ライブ",,,2026-07-19T00:00:00.000Z,2026-07-19T00:00:00.000Z,"18:30","20:30",,"profile
02年2月10日生まれ。福岡県出身。
23年、24年、25年と愛媛ライブ開催。今年で4年連続4度目となる。
今年は全4ヶ所で「ある日の夢の続き～音楽活動10年目の進化論～」のツアーonemanLIVEが決定。そのツアーを愛媛からスター
ト！
【笑っていて】2026年テレビ朝日「私が愛した地獄」エンディングテーマ

【ずるいよ】テレビ朝日「じゅん散歩」25年8月～9月度エンディングテーマ

【プリン】 2024年KBCラジオオープニング曲
CAMPUS COLLECTION 福岡2022シンガーグランプリ
愛媛でのワンマンライブ後に香川へ移動し、路上ライブをしたいと思っています。関東や関西から来たファンの方と共に移動する予定です。
1年目は道後、一昨年はひろめ市場で大盛況でした。
そして昨年、サンポート FACT プロジェクト社会実験 2025に応募して、今回選ばせていただいた場所で開催させていただき、大反響をよびましたので、今年もコチラで開催したいと思っております！ 

路上ライブ前に開催するワンマンライブのポスターを添付させていただきます！
よろしくお願いします。",,,,,"美幸美容室","駅前　北",,,"34.3513063","134.0471784",,,,,,,,"音楽","全員","なし","0","イベント",
"0",,,,,"高松駅前ストリート",,,2026-07-05T00:00:00.000Z,2026-07-05T00:00:00.000Z,"09:00","17:00",,"高松駅前に賑わいを",,,,,"NextHarmony","駅前　北",,,"34.3511921","134.0472065",,,,,,,,"音楽","全員","なし","0","イベント",
"0",,,,,"高松駅前公認ストリートNextHarmony",,,2026-07-12T00:00:00.000Z,2026-07-12T00:00:00.000Z,"09:00","18:00",,"高松駅前に賑わいを",,,,,"NextHarmony","駅前　北",,,"34.3510918","134.0472437",,,,,,,,"音楽","全員","なし","0","イベント",
"0",,,,,"高松駅前公認ストリートNextHarmony",,,2026-07-11T00:00:00.000Z,2026-07-11T00:00:00.000Z,"09:00","18:00",,"高松駅前に賑わいを",,,,,"NextHarmony","駅前　北",,,"34.3510918","134.0472437",,,,,,,,"音楽","全員","なし","0","イベント",
"0",,,,,"お披露目",,,2026-06-27T00:00:00.000Z,2026-06-27T00:00:00.000Z,"08:00","19:00",,"車両の展示",,,,,"山崎光典","駅前　北",,,"34.3510918","134.0472437",,,,,,,,"趣味・生活","全員","なし","0","イベント",
"0",,,,,"キッチンカーで骨付鳥を販売",,,2026-07-20T00:00:00.000Z,2026-07-20T00:00:00.000Z,"14:00","20:00",,"香川県のご当地グルメでもある骨付鳥を多くの皆さんに知ってもらいたい",,,,,"シコク・フーズ商事株式会社","駅前　北",,,"34.3511921","134.0472065",,,,,,,,"食事","全員","なし","0","イベント",
"0",,,,,"キッチンカーで骨付鳥を販売",,,2026-07-02T00:00:00.000Z,2026-07-02T00:00:00.000Z,"11:00","18:00",,"香川県のご当地グルメである骨付鳥を多くの皆さんに知ってもらいたい",,,,,"シコク・フーズ商事株式会社","駅前　北",,,"34.3511921","134.0472065",,,,,,,,"食事","全員","なし","0","イベント",
"0",,,,,"キッチンカー",,,2026-07-05T00:00:00.000Z,2026-07-05T00:00:00.000Z,"08:00","17:00",,"キッチンカーで美味しい料理を提供したい。",,,,,"惠原　良","プロムナード",,,"34.3484775","134.0492375",,,,,,,,"食事","全員","なし","0","イベント",
"0",,,,,"キッチンカー",,,2026-07-18T00:00:00.000Z,2026-07-18T00:00:00.000Z,"09:00","17:00",,"キッチンカーで美味しい料理を提供したいです",,,,,"惠原　良","駅前　北",,,"34.3510918","134.0472437",,,,,,,,"食事","全員","なし","0","イベント",
"0",,,,,"キッチンカー",,,2026-07-19T00:00:00.000Z,2026-07-19T00:00:00.000Z,"09:00","17:00",,"キッチンカーで美味しい料理を提供したいです。",,,,,"惠原　良","駅前　北",,,"34.3510918","134.0472437",,,,,,,,"食事","全員","なし","0","イベント",
"0",,,,,"NextHarmony高松駅公認ストリート",,,2026-07-25T00:00:00.000Z,2026-07-25T00:00:00.000Z,"09:00","17:00",,"高松駅前に音楽を",,,,,"NextHarmony","駅前　北",,,"34.3510918","134.0472437",,,,,,,,"音楽","全員","なし","0","イベント",
"0",,,,,"NextHarmony高松駅公認ストリートライブ",,,2026-07-26T00:00:00.000Z,2026-07-26T00:00:00.000Z,"09:00","18:00",,"駅前に音楽を",,,,,"NextHarmony","駅前　北",,,"34.3513063","134.0471784",,,,,,,,"音楽","全員","なし","0","イベント",
"0",,,,,"AKALA STREET STAGE〜香川の街から、夢の一歩を〜",,,2026-07-18T00:00:00.000Z,2026-07-18T00:00:00.000Z,"15:00","17:00",,"AKALAプロダクション＆アカデミーに所属する子どもたちによる、音楽・ダンス・チアなどの屋外ミニステージを実施します。
日頃のレッスンで学んでいる歌、ダンス、チアパフォーマンス、MCなどを地域の皆さまに披露し、子どもたちの表現力や主体性を育むとともに、まちなかのにぎわいづくりにつなげることを目的としています。
大音量での演奏や長時間の占有ではなく、通行される方にも気軽に楽しんでいただける短時間のミニステージ形式で実施予定です。",,,,,"AKALAプロダクション＆アカデミー","駅前　北",,,"34.3513063","134.0471784",,,,,,,,"音楽","全員","なし","0","イベント",
"0",,,,,"Summer×TKMT せとうちまつり",,,2026-08-09T00:00:00.000Z,2026-08-09T00:00:00.000Z,"15:00","20:00",,"香川県民に愛されるお店の出店と、香川県で活躍するアーティストによるパフォーマンスを開催。
また、夏祭り期間という事もあり、県外・国外の集客も期待できるため、TKMTの啓発ができるコンテンツも検討中（高松市の後援・許可次第）",,,,,"瀬戸内振興事業所　後藤匠人","駅前　北",,,"34.3510918","134.0472437",,,,,,,,"お祭り","全員","なし","0","イベント",
"0",,,,,"宙の鳴き声LIVE TOUR2026「ハイサイトレインツアー」香川公演",,,2026-07-31T00:00:00.000Z,2026-07-31T00:00:00.000Z,"17:00","21:00",,"沖縄を拠点に活動する音楽ユニット「宙の鳴き声」による沖縄音楽等を届けるフリーライブ
宙の鳴き声公式サイト
soranonakigoe.com",,,,,"宙の鳴き声","駅前　北",,,"34.3510918","134.0472437",,,,,,,,"文化・芸術","全員","なし","0","イベント",
"0",,,,,"「獅子たちの里　三木まんで願。」秋大祭2026　PR活動",,,2026-10-18T00:00:00.000Z,2026-10-18T00:00:00.000Z,"10:00","15:00",,"毎年10月第４土曜日に開催している「獅子たちの里　三木まんで願。」のPR活動を行うため、地元の獅子連に協力してもらい獅子の演舞を行う。
また、お集まりいただいた方々にチラシの配布を行う。",,,,,"「獅子たちの里　三木まんで願。」実行委員会","駅前　北",,,"34.3510918","134.0472437",,,,,,,,"お祭り","全員","なし","0","イベント",
"0",,,,,"ガーデンプロムナードフェスティバル",,,2026-10-11T00:00:00.000Z,2026-10-11T00:00:00.000Z,"10:00","16:00",,"物販・飲食・ワークショップの出店。(テントブースおよびキッチンカー)伝統芸能や音楽演奏などのイベントも不定期開催。",,,,,"香川県県産品振興課","プロムナード",,,"34.3484775","134.0492375",,,,,,,,"その他","全員","なし","0","イベント",
"0",,,,,"September せとうちまつり",,,2026-09-06T00:00:00.000Z,2026-09-06T00:00:00.000Z,"15:00","19:00",,"香川県内で愛される飲食店・事業者およびアーティストの活躍の場・交流の場を高松市において拡大し、来場者にとって地域の魅力を再発見する機会を創出することを目的とする。
主には、キッチンカー、飲食の出店や、ステージイベントなどを開催いたします。",,,,,"瀬戸内振興事業所（後藤 匠人）","駅前　北",,,"34.3510918","134.0472437",,,,,,,,"お祭り","全員","なし","0","イベント",
"0",,,,,"2026-27season 香川ファイブアローズ TIPOFFイベント",,,2026-09-19T00:00:00.000Z,2026-09-19T00:00:00.000Z,"16:00","17:00",,"ファイブアローズのホームアリーナ「あなぶきアリーナ香川」の最寄り駅前広場で、新シーズン開幕に向けた決起会（お披露目会）を行います。内容としては、選手の紹介、トークショーをステージ上にて開催。別テントでクラブオフィシャルグッズの販売を予定。詳細は現在検討中です。",,,,,"株式会社ファイブアローズ","駅前　北",,,"34.3510918","134.0472437",,,,,,,,"スポーツ・ウェルネス","全員","なし","0","イベント",
"0",,,,,"silver weeeek & TKMT「せとうちまつり」",,,2026-09-21T00:00:00.000Z,2026-09-21T00:00:00.000Z,"15:00","20:00",,"4月5日・8月9日・9月6日と同様に、キッチンカー、ステージイベントなどを開催いたします。",,,,,"瀬戸内振興事業所 : 後藤匠人","駅前　北",,,"34.3510918","134.0472437",,,,,,,,"お祭り","全員","なし","0","イベント",
"0",,,,,"ガーデンプロムナードフェスティバル",,,2026-09-21T00:00:00.000Z,2026-09-21T00:00:00.000Z,"10:00","16:00",,"物販・飲食・ワークショップの出店。(テントブースおよびキッチンカー)伝統芸能や音楽演奏などのイベントも不定期開催。",,,,,"香川県県産品振興課","プロムナード",,,"34.3484775","134.0492375",,,,,,,,"その他","全員","なし","0","イベント",
"0",,,,,"香川県の特産品などを多くの皆さんに知ってもらいたい",,,2026-09-30T00:00:00.000Z,2026-09-30T00:00:00.000Z,"12:00","20:00",,"特産グルメ・SDG’ｓ・など多彩出展を予定しております。",,,,,"シコク・フーズ商事株式会社","駅前　北",,,"34.3510918","134.0472437",,,,,,,,"その他","全員","なし","0","イベント",
"0",,,,,"「KAGUYA REBORN 2026 ～月に一番近い国・香川～」",,,2026-09-26T00:00:00.000Z,2026-09-26T00:00:00.000Z,"10:00","17:00",,"添付の通り",,,,,"佐藤 亮太郎","駅前　北",,,"34.3510918","134.0472437",,,,,,,,"文化・芸術","全員","なし","0","イベント",
"0",,,,,"キッチンカーで骨付鳥販売",,,2026-08-08T00:00:00.000Z,2026-08-08T00:00:00.000Z,"15:00","20:00",,"香川県のご当地グルメでもある骨付鳥を多くの皆さんに知ってもらいたい。",,,,,"シコク・フーズ商事株式会社","駅前　北",,,"34.3510918","134.0472437",,,,,,,,"食事","全員","なし","0","イベント",
"0",,,,,"オールメディカル フットサル大会2026 @香川",,,2026-08-15T00:00:00.000Z,2026-08-16T00:00:00.000Z,,,,"オールメディカル フットサル大会2026 @香川",,,,,"香川大学医学部フットサル部　大会運営責任者","あなぶきアリーナ香川　メインアリーナ",,,"34.353843","134.045919",,,,,,,,"スポーツ・ウェルネス","全員","なし","0","イベント",
"0",,,,,"未来へつなぐスポーツ体験会2026",,,2026-08-17T00:00:00.000Z,2026-08-17T00:00:00.000Z,,,,"未来へつなぐスポーツ体験会2026
https://www.114bank.co.jp/support/event/sports2026.html",,,,,"未来へつなぐスポーツ体験会2026　実行委員会","あなぶきアリーナ香川　サブアリーナ",,,"34.353843","134.045919",,,,,,,,"スポーツ・ウェルネス","小学生","なし","0","イベント",
"0",,,,,"JOB QUEST 2026~中学生から描く、未来へのキャリア設計ダンジョンマップ~",,,2026-08-23T00:00:00.000Z,2026-08-23T00:00:00.000Z,,,,"JOB QUEST 2026~中学生から描く、未来へのキャリア設計ダンジョンマップ~",,,,,"公益財団法人穴吹キヌヱ忠嗣教育基金","あなぶきアリーナ香川　サブアリーナ",,,"34.353843","134.045919",,,,,,,,"その他","中高生","なし","0","イベント",
"0",,,,,"令和8年度 香川県警察Trial",,,2026-08-24T00:00:00.000Z,2026-08-24T00:00:00.000Z,,,,"令和8年度 香川県警察Trial
https://www.pref.kagawa.lg.jp/police/",,,,,"香川県警察本部警務課採用係","あなぶきアリーナ香川　サブアリーナ",,,"34.353843","134.045919",,,,,,,,"その他","全員","なし","0","イベント",
"0",,,,,"【櫻坂46】櫻坂46　全国アリーナツアー2026",,,2026-08-29T00:00:00.000Z,2026-08-30T00:00:00.000Z,,,,"櫻坂46　全国アリーナツアー2026
https://sakurazaka46.com",,,,,"デューク高松","あなぶきアリーナ香川　メインアリーナ",,,"34.353843","134.045919",,,,,,,,"音楽","全員","なし","0","イベント",
"0",,,,,"2026-27 プレシーズンゲーム　香川ファイブアローズ vs 名古屋ダイヤモンドドルフィンズ",,,2026-09-04T00:00:00.000Z,2026-09-04T00:00:00.000Z,,,,"2026-27 プレシーズンゲーム　香川ファイブアローズ vs 名古屋ダイヤモンドドルフィンズ
https://www.fivearrows.jp/news/detail/id=20444",,,,,"株式会社ファイブアローズ","あなぶきアリーナ香川　メインアリーナ",,,"34.353843","134.045919",,,,,,,,"スポーツ・ウェルネス","全員","なし","0","イベント",
"0",,,,,"全日本卓球選手権大会(カデットの部)香川県予選会",,,2026-09-05T00:00:00.000Z,2026-09-05T00:00:00.000Z,,,,"全日本卓球選手権大会(カデットの部)香川県予選会
https://kagawa-tta.sub.jp/wordpress/",,,,,"香川県卓球協会","あなぶきアリーナ香川　サブアリーナ",,,"34.353843","134.045919",,,,,,,,"スポーツ・ウェルネス","中高生","なし","0","イベント",
"0",,,,,"香川県レディース卓球フェスティバル大会",,,2026-09-06T00:00:00.000Z,2026-09-06T00:00:00.000Z,,,,"香川県レディース卓球フェスティバル大会",,,,,"香川県卓球協会","あなぶきアリーナ香川　サブアリーナ",,,"34.353843","134.045919",,,,,,,,"スポーツ・ウェルネス","全員","なし","0","イベント",
"0",,,,,"【ディズニー・オン・アイス】日本公演40周年記念 ディズニー・オン・アイス “Let’s Party!”",,,2026-09-11T00:00:00.000Z,2026-09-13T00:00:00.000Z,,,,"日本公演40周年記念 ディズニー・オン・アイス “Let’s Party!”
https://www.ctv.co.jp/disneyonice/",,,,,"デューク高松","あなぶきアリーナ香川　メインアリーナ",,,"34.353843","134.045919",,,,,,,,"文化・芸術","全員","なし","0","イベント",
"0",,,,,"【なにわ男子】なにわ男子 LIVE TOUR 2026 「ND⁵」",,,2026-09-19T00:00:00.000Z,2026-09-21T00:00:00.000Z,,,,"【なにわ男子】なにわ男子 LIVE TOUR 2026 「ND⁵」
https://starto.jp/s/p/live/10489",,,,,"ファミリークラブ　
https://www.familyclub.jp/","あなぶきアリーナ香川　メインアリーナ",,,"34.353843","134.045919",,,,,,,,"音楽","全員","なし","0","イベント",
"0",,,,,"【Mrs. GREEN APPLE】Mrs. GREEN APPLE Ringo Jam Tour “SHADOWS”",,,2026-09-30T00:00:00.000Z,2026-10-01T00:00:00.000Z,,,,"【Mrs. GREEN APPLE】Mrs. GREEN APPLE Ringo Jam Tour “SHADOWS”
https://mrsgreenapple.com/",,,,,"デューク高松","あなぶきアリーナ香川　メインアリーナ",,,"34.353843","134.045919",,,,,,,,"音楽","全員","なし","0","イベント",
"0",,,,,"りそなグループ B.LEAGUE 2026-27 B.LEAGUE ONE リーグ戦　第2節　香川ファイブアローズ vs ライジングゼファー福岡",,,2026-10-03T00:00:00.000Z,2026-10-04T00:00:00.000Z,,,,"りそなグループ B.LEAGUE 2026-27 B.LEAGUE ONE リーグ戦　第2節　香川ファイブアローズ vs ライジングゼファー福岡
https://www.fivearrows.jp/",,,,,"株式会社ファイブアローズ","あなぶきアリーナ香川　メインアリーナ",,,"34.353843","134.045919",,,,,,,,"スポーツ・ウェルネス","全員","なし","0","イベント",
"0",,,,,"第69回読売旗争奪柔道大会",,,2026-10-04T00:00:00.000Z,2026-10-04T00:00:00.000Z,,,,"第69回読売旗争奪柔道大会",,,,,"高松柔道協会","あなぶきアリーナ香川　武道施設",,,"34.353843","134.045919",,,,,,,,"スポーツ・ウェルネス","全員","なし","0","イベント",
"0",,,,,"第21回ステップ21　in　香川",,,2026-10-06T00:00:00.000Z,2026-10-06T00:00:00.000Z,,,,"第21回ステップ21　in　香川
http://www.step21.org",,,,,"ステップ21香川支部","あなぶきアリーナ香川　サブアリーナ",,,"34.353843","134.045919",,,,,,,,"スポーツ・ウェルネス","全員","なし","0","イベント",
"0",,,,,"りそなグループ B.LEAGUE 2026-27 B.LEAGUE ONE リーグ戦　第3節　香川ファイブアローズ vs 鹿児島レブナイズ",,,2026-10-10T00:00:00.000Z,2026-10-11T00:00:00.000Z,,,,"りそなグループ B.LEAGUE 2026-27 B.LEAGUE ONE リーグ戦　第3節　香川ファイブアローズ vs 鹿児島レブナイズ
https://www.fivearrows.jp/",,,,,"株式会社ファイブアローズ","あなぶきアリーナ香川　メインアリーナ",,,"34.353843","134.045919",,,,,,,,"スポーツ・ウェルネス","全員","なし","0","イベント",
"0",,,,,"りそなグループ B.LEAGUE 2026-27 B.LEAGUE ONE リーグ戦　第6節　香川ファイブアローズ vs 横浜エクセレンス",,,2026-10-24T00:00:00.000Z,2026-10-25T00:00:00.000Z,,,,"りそなグループ B.LEAGUE 2026-27 B.LEAGUE ONE リーグ戦　第6節　香川ファイブアローズ vs 横浜エクセレンス

https://www.fivearrows.jp/",,,,,"株式会社ファイブアローズ","あなぶきアリーナ香川　メインアリーナ",,,"34.353843","134.045919",,,,,,,,"スポーツ・ウェルネス","全員","なし","0","イベント",
"0",,,,,"Crossminton 　Japan Kagawa Doubles Open 2026",,,2026-10-24T00:00:00.000Z,2026-10-24T00:00:00.000Z,,,,"Crossminton 　Japan Kagawa Doubles Open 2026
https://crossminton.jp",,,,,"一般社団法人日本クロスミントン協会","あなぶきアリーナ香川　サブアリーナ",,,"34.353843","134.045919",,,,,,,,"スポーツ・ウェルネス","全員","なし","0","イベント",
"0",,,,,"全日本社会人卓球選手権大会",,,2026-10-30T00:00:00.000Z,2026-11-01T00:00:00.000Z,,,,"全日本社会人卓球選手権大会",,,,,"日本卓球協会","あなぶきアリーナ香川　メインアリーナ",,,"34.353843","134.045919",,,,,,,,"スポーツ・ウェルネス","大人","なし","0","イベント",
"0",,,,,"プラセール　フットサルスクール",,,2026-08-19T00:00:00.000Z,2026-08-19T00:00:00.000Z,,,,"プラセール　フットサルスクール",,,,,"http://npo.placer-futsal.jp/","あなぶきアリーナ香川　サブアリーナ",,,"34.353843","134.045919",,,,,,,,"スポーツ・ウェルネス","小学生","なし","0","イベント",
"0",,,,,"プラセール　フットサルスクール",,,2026-08-26T00:00:00.000Z,2026-08-26T00:00:00.000Z,,,,"プラセール　フットサルスクール",,,,,"http://npo.placer-futsal.jp/","あなぶきアリーナ香川　サブアリーナ",,,"34.353843","134.045919",,,,,,,,"スポーツ・ウェルネス","小学生","なし","0","イベント",
"0",,,,,"プラセール　フットサルスクール",,,2026-09-02T00:00:00.000Z,2026-09-02T00:00:00.000Z,,,,"プラセール　フットサルスクール",,,,,"http://npo.placer-futsal.jp/","あなぶきアリーナ香川　サブアリーナ",,,"34.353843","134.045919",,,,,,,,"スポーツ・ウェルネス","小学生","なし","0","イベント",
"0",,,,,"プラセール　フットサルスクール",,,2026-09-16T00:00:00.000Z,2026-09-16T00:00:00.000Z,,,,"プラセール　フットサルスクール",,,,,"http://npo.placer-futsal.jp/","あなぶきアリーナ香川　サブアリーナ",,,"34.353843","134.045919",,,,,,,,"スポーツ・ウェルネス","小学生","なし","0","イベント",
"0",,,,,"プラセール　フットサルスクール",,,2026-09-23T00:00:00.000Z,2026-09-23T00:00:00.000Z,,,,"プラセール　フットサルスクール",,,,,"http://npo.placer-futsal.jp/","あなぶきアリーナ香川　サブアリーナ",,,"34.353843","134.045919",,,,,,,,"スポーツ・ウェルネス","小学生","なし","0","イベント",
"0",,,,,"プラセール　フットサルスクール",,,2026-10-07T00:00:00.000Z,2026-10-07T00:00:00.000Z,,,,"プラセール　フットサルスクール",,,,,"http://npo.placer-futsal.jp/","あなぶきアリーナ香川　サブアリーナ",,,"34.353843","134.045919",,,,,,,,"スポーツ・ウェルネス","小学生","なし","0","イベント",
"0",,,,,"プラセール　フットサルスクール",,,2026-10-21T00:00:00.000Z,2026-10-21T00:00:00.000Z,,,,"プラセール　フットサルスクール",,,,,"http://npo.placer-futsal.jp/","あなぶきアリーナ香川　サブアリーナ",,,"34.353843","134.045919",,,,,,,,"スポーツ・ウェルネス","小学生","なし","0","イベント",
"0",,,,,"プラセール　フットサルスクール",,,2026-10-28T00:00:00.000Z,2026-10-28T00:00:00.000Z,,,,"プラセール　フットサルスクール",,,,,"http://npo.placer-futsal.jp/","あなぶきアリーナ香川　サブアリーナ",,,"34.353843","134.045919",,,,,,,,"スポーツ・ウェルネス","小学生","なし","0","イベント",
"0",,,,,"DINOVENTURE",,,2026-08-01T00:00:00.000Z,2026-08-30T00:00:00.000Z,,,,"恐竜企画展（有料）、ポップアップショップ",,,,,"シンボルタワー開発株式会社（マリタイムプラザ）","高松シンボルタワー　マリタイムプラザ",,,"34.352408","134.047073",,,,,,,,"その他","全員","なし","0","イベント",
"0",,,,,"水かけフェス2026inサンポート高松",,,2026-08-22T00:00:00.000Z,2026-08-22T00:00:00.000Z,,,,"水かけイベント、ステージイベント、飲食ブース等",,,,,"出る杭集団イベント実行委員会","多目的広場",,,"34.353024","134.046075",,,,,,,,"その他","全員","なし","0","イベント",
"0",,,,,"出張版どんぶらこin高松2026",,,2026-08-29T00:00:00.000Z,2026-08-30T00:00:00.000Z,,,,"古着のフリーマーケット",,,,,"DEVILHORN MGMT.","高松シンボルタワー　デックスガレリア",,,"34.352408","134.047073",,,,,,,,"その他","全員","なし","0","イベント",
"0",,,,,"かがわスタートアップフェスタ2026",,,2026-09-06T00:00:00.000Z,2026-09-06T00:00:00.000Z,,,,"スタートアップ企業による製品のデモンストレーション、トークセッション、高校生ダンス　等",,,,,"香川県産業政策課","高松シンボルタワー　デックスガレリア、市民ギャラリー・コミュニケーションプラザ",,,"34.352408","134.047073",,,,,,,,"その他","全員","なし","0","イベント",
"0",,,,,"縁ジョイフェスタ",,,2026-09-19T00:00:00.000Z,2026-09-19T00:00:00.000Z,,,,"ワークショップ・フリーマーケット・キッチンカー",,,,,"縁ジョイ実行委員会","多目的広場",,,"34.353024","134.046075",,,,,,,,"買い物","全員","なし","0","イベント",
"0",,,,,"さぬきマルシェinサンポート",,,2026-09-20T00:00:00.000Z,2026-09-20T00:00:00.000Z,,,,"県産品の販売",,,,,"NPO法人アーキペラゴ","多目的広場",,,"34.353024","134.046075",,,,,,,,"その他","全員","なし","0","イベント",
"0",,,,,"縁ジョイフェスタ",,,2026-09-21T00:00:00.000Z,2026-09-21T00:00:00.000Z,,,,"ワークショップ・フリーマーケット・キッチンカー",,,,,"縁ジョイ実行委員会","多目的広場",,,"34.353024","134.046075",,,,,,,,"その他","全員","なし","0","イベント",
"0",,,,,"くらやみなんて怖くない！～みらいの電気と防災大冒険～",,,2026-09-22T00:00:00.000Z,2026-09-23T00:00:00.000Z,,,,"防災に関するワークショップなどの体験イベント",,,,,"なぎさのお星サマ制作委員会","高松シンボルタワー　デックスガレリア、市民ギャラリー",,,"34.352408","134.047073",,,,,,,,"その他","全員","なし","0","イベント",
"0",,,,,"穴吹カレッジ高松 ７校合同 「穴吹祭」",,,2026-09-23T00:00:00.000Z,2026-09-23T00:00:00.000Z,,,,"合同学園祭",,,,,"専門学校穴吹デザインカレッジ","多目的広場",,,"34.353024","134.046075",,,,,,,,"その他","全員","なし","0","イベント",
"0",,,,,"子どもの「いのち」を守る体験フェスタ",,,2026-09-27T00:00:00.000Z,2026-09-27T00:00:00.000Z,,,,"体験・展示ブース",,,,,"香川県健康福祉部子ども政策推進局子ども家庭課","高松シンボルタワー　デックスガレリア、市民ギャラリー・コミュニケーションプラザ",,,"34.352408","134.047073",,,,,,,,"その他","全員","なし","0","イベント",
"0",,,,,"B.D.C Dance Performance「2026 夏」",,,2026-08-16T00:00:00.000Z,2026-08-16T00:00:00.000Z,,,,"B.D.C Dance Performance「2026 夏」",,,,,"B.D.C","サンポートホール高松　第1小ホール",,,"34.352816","134.047185",,,,,,,,"音楽","全員","なし","0","イベント",
"0",,,,,"（2026）第42回 香川ジュニア音楽コンクール ピアノ部門（高校A・中学校の部）",,,2026-08-22T00:00:00.000Z,2026-08-22T00:00:00.000Z,,,,"（2026）第42回 香川ジュニア音楽コンクール ピアノ部門（高校A・中学校の部）
https://kagawa-music.com/",,,,,"香川音楽連盟","サンポートホール高松　第1小ホール",,,"34.352816","134.047185",,,,,,,,"音楽","全員","なし","0","イベント",
"0",,,,,"0歳から入れる体験型音楽劇『ミライとソラの物語』",,,2026-08-22T00:00:00.000Z,2026-08-22T00:00:00.000Z,,,,"0歳から入れる体験型音楽劇『ミライとソラの物語』",,,,,"Ensemble team 我流","サンポートホール高松　第2小ホール",,,"34.352816","134.047185",,,,,,,,"音楽","全員","なし","0","イベント",
"0",,,,,"アフィニス夏の音楽祭2026高松 オープンハウス&あいうえ音楽会",,,2026-08-23T00:00:00.000Z,2026-08-23T00:00:00.000Z,,,,"アフィニス夏の音楽祭2026高松 オープンハウス&あいうえ音楽会",,,,,"公益財団法人 アフィニス文化財団","サンポートホール高松　大ホール",,,"34.352816","134.047185",,,,,,,,"音楽","全員","なし","0","イベント",
"0",,,,,"（2026）第42回 香川ジュニア音楽コンクール 童謡部門・香川音楽コンクール【声楽】",,,2026-08-23T00:00:00.000Z,2026-08-23T00:00:00.000Z,,,,"（2026）第42回 香川ジュニア音楽コンクール 童謡部門・香川音楽コンクール【声楽】
https://kagawa-music.com/",,,,,"香川音楽連盟","サンポートホール高松　第1小ホール",,,"34.352816","134.047185",,,,,,,,"音楽","全員","なし","0","イベント",
"0",,,,,"コスチャinサンポート高松vol5.0",,,2026-08-23T00:00:00.000Z,2026-08-23T00:00:00.000Z,,,,"コスチャinサンポート高松vol5.0",,,,,"COS-CHA 高松店","サンポートホール高松　第2小ホール",,,"34.352816","134.047185",,,,,,,,"その他","全員","なし","0","イベント",
"0",,,,,"THEカルテットとオレンジマンの昭和歌謡コンサート（ハッピーオレンジコンサートシリーズ）",,,2026-08-24T00:00:00.000Z,2026-08-24T00:00:00.000Z,,,,"THEカルテットとオレンジマンの昭和歌謡コンサート（ハッピーオレンジコンサートシリーズ）",,,,,"一般社団法人 オレンジ音楽協会","サンポートホール高松　第1小ホール",,,"34.352816","134.047185",,,,,,,,"音楽","全員","なし","0","イベント",
"0",,,,,"中村梅寿 歌舞伎の世界へようこそ",,,2026-08-25T00:00:00.000Z,2026-08-25T00:00:00.000Z,,,,"中村梅寿 歌舞伎の世界へようこそ",,,,,"中村梅寿オフィシャルFC","サンポートホール高松　第1小ホール",,,"34.352816","134.047185",,,,,,,,"文化・芸術","全員","なし","0","イベント",
"0",,,,,"アンサンブル・ピエール・リヴィエール演奏会",,,2026-08-29T00:00:00.000Z,2026-08-29T00:00:00.000Z,,,,"アンサンブル・ピエール・リヴィエール演奏会",,,,,"アンサンブル・ピエール・リヴィエール","サンポートホール高松　第2小ホール",,,"34.352816","134.047185",,,,,,,,"音楽","全員","なし","0","イベント",
"0",,,,,"第53回さぬき民踊まつり",,,2026-08-30T00:00:00.000Z,2026-08-30T00:00:00.000Z,,,,"第53回さぬき民踊まつり",,,,,"四国民踊研究会","サンポートホール高松　大ホール",,,"34.352816","134.047185",,,,,,,,"文化・芸術","全員","なし","0","イベント",
"0",,,,,"振袖EXPO in高松",,,2026-08-29T00:00:00.000Z,2026-08-30T00:00:00.000Z,,,,"振袖EXPO in高松",,,,,"アケボノスタジオ高松本店","市民ギャラリー・コミュニケーションプラザ",,,"34.352816","134.047185",,,,,,,,"その他","全員","なし","0","イベント",
"0",,,,,"‐真天地開闢集団-ジグザグ 47都道府県 ゆっくり行脚禊 ～第二弾～",,,2026-09-04T00:00:00.000Z,2026-09-04T00:00:00.000Z,,,,"‐真天地開闢集団-ジグザグ 47都道府県 ゆっくり行脚禊 ～第二弾～",,,,,"デューク高松","サンポートホール高松　大ホール",,,"34.352816","134.047185",,,,,,,,"音楽","全員","なし","0","イベント",
"0",,,,,"第40回日本母乳哺育学会学術集会",,,2026-09-05T00:00:00.000Z,2026-09-06T00:00:00.000Z,,,,"第40回日本母乳哺育学会学術集会",,,,,"第40回日本母乳哺育学会学術集会","サンポートホール高松　第1小ホール・第2小ホール",,,"34.352816","134.047185",,,,,,,,"その他","全員","なし","0","イベント",
"0",,,,,"(公社)高松青年会議所70周年記念式典",,,2026-09-06T00:00:00.000Z,2026-09-06T00:00:00.000Z,,,,"(公社)高松青年会議所70周年記念式典",,,,,"公益社団法人高松青年会議所","サンポートホール高松　大ホール",,,"34.352816","134.047185",,,,,,,,"その他","全員","なし","0","イベント",
"0",,,,,"ニッセイ名作シリーズ2026 音楽劇『ロドリゴ・ラウバインと従者クニルプス』小学校招待公演",,,2026-09-09T00:00:00.000Z,2026-09-09T00:00:00.000Z,,,,"ニッセイ名作シリーズ2026 音楽劇『ロドリゴ・ラウバインと従者クニルプス』小学校招待公演",,,,,"公益財団法人高松市文化芸術財団","サンポートホール高松　大ホール",,,"34.352816","134.047185",,,,,,,,"音楽","全員","なし","0","イベント",
"0",,,,,"高松ニッパーズ 第20回展示会 “『20』と20回開催までの振り返り”",,,2026-09-12T00:00:00.000Z,2026-09-13T00:00:00.000Z,,,,"高松ニッパーズ 第20回展示会 “『20』と20回開催までの振り返り”",,,,,"高松ニッパーズ","市民ギャラリー",,,"34.352816","134.047185",,,,,,,,"その他","全員","なし","0","イベント",
"0",,,,,"西日本ボディビル・フィットネス選手権大会",,,2026-09-13T00:00:00.000Z,2026-09-13T00:00:00.000Z,,,,"西日本ボディビル・フィットネス選手権大会",,,,,"香川県ボディビル・フィットネス連盟","サンポートホール高松　大ホール",,,"34.352816","134.047185",,,,,,,,"スポーツ・ウェルネス","全員","なし","0","イベント",
"0",,,,,"大学・短期大学・専門学校　進学相談会",,,2026-09-16T00:00:00.000Z,2026-09-16T00:00:00.000Z,,,,"大学・短期大学・専門学校　進学相談会",,,,,"株式会社ジンジブキャリア","サンポートホール高松　第2小ホール",,,"34.352816","134.047185",,,,,,,,"その他","全員","なし","0","イベント",
"0",,,,,"せとうち国際音楽祭2026～ゼロセッション～",,,2026-09-19T00:00:00.000Z,2026-09-21T00:00:00.000Z,,,,"せとうち国際音楽祭2026～ゼロセッション～",,,,,"せとうち国際音楽祭実行委員会","サンポートホール高松　大ホール",,,"34.352816","134.047185",,,,,,,,"音楽","全員","なし","0","イベント",
"0",,,,,"(2026)第42回香川ジュニア音楽コンクール ピアノ部門(高校Bの部)",,,2026-09-20T00:00:00.000Z,2026-09-20T00:00:00.000Z,,,,"(2026)第42回香川ジュニア音楽コンクール ピアノ部門(高校Bの部)",,,,,"香川音楽連盟","サンポートホール高松　第1小ホール",,,"34.352816","134.047185",,,,,,,,"音楽","全員","なし","0","イベント",
"0",,,,,"(2026)第42回香川ジュニア音楽コンクール 声楽部門(中学校の部・高校の部)",,,2026-09-21T00:00:00.000Z,2026-09-21T00:00:00.000Z,,,,"(2026)第42回香川ジュニア音楽コンクール 声楽部門(中学校の部・高校の部)",,,,,"香川音楽連盟","サンポートホール高松　第1小ホール",,,"34.352816","134.047185",,,,,,,,"音楽","全員","なし","0","イベント",
"0",,,,,"角野 未来 ピアノリサイタル",,,2026-09-22T00:00:00.000Z,2026-09-22T00:00:00.000Z,,,,"角野 未来 ピアノリサイタル",,,,,"穴吹エンタープライズ エンタテインメント事業部","サンポートホール高松　大ホール",,,"34.352816","134.047185",,,,,,,,"音楽","全員","なし","0","イベント",
"0",,,,,"香川ホルンアンサンブル演奏会2026",,,2026-09-22T00:00:00.000Z,2026-09-22T00:00:00.000Z,,,,"香川ホルンアンサンブル演奏会2026",,,,,"香川ホルンアンサンブル","サンポートホール高松　第2小ホール",,,"34.352816","134.047185",,,,,,,,"音楽","全員","なし","0","イベント",
"0",,,,,"milet Hall Tour 2026",,,2026-09-23T00:00:00.000Z,2026-09-23T00:00:00.000Z,,,,"milet Hall Tour 2026",,,,,"デューク高松","サンポートホール高松　大ホール",,,"34.352816","134.047185",,,,,,,,"音楽","全員","なし","0","イベント",
"0",,,,,"煌めきに満ちた音楽をあなたへ オペラとオペレッタの華麗なる世界",,,2026-09-23T00:00:00.000Z,2026-09-23T00:00:00.000Z,,,,"煌めきに満ちた音楽をあなたへ オペラとオペレッタの華麗なる世界",,,,,"ニューオペラ香川","サンポートホール高松　第1小ホール",,,"34.352816","134.047185",,,,,,,,"音楽","全員","なし","0","イベント",
"0",,,,,"ブルグミュラーコンクール 香川地区",,,2026-09-23T00:00:00.000Z,2026-09-23T00:00:00.000Z,,,,"ブルグミュラーコンクール 香川地区",,,,,"ヤマハミュージック高松店","サンポートホール高松　第2小ホール",,,"34.352816","134.047185",,,,,,,,"音楽","全員","なし","0","イベント",
"0",,,,,"なとり ONE-MAN LIVE TOUR「行進」",,,2026-09-26T00:00:00.000Z,2026-09-26T00:00:00.000Z,,,,"なとり ONE-MAN LIVE TOUR「行進」",,,,,"デューク高松","サンポートホール高松　大ホール",,,"34.352816","134.047185",,,,,,,,"音楽","全員","なし","0","イベント",
"0",,,,,"お城ヨガ",,,2026-08-21T00:00:00.000Z,2026-08-21T00:00:00.000Z,,,,"朝日を浴びて深呼吸、お城ヨガで始まる新しい週末
予約は不要、金曜早朝六時半！桜の馬場にお集まりください
料金：500円（入園料別）無料貸しゴザ有",,,,,"玉藻公園指定管理者","玉藻公園",,,"34.350095","134.051018",,,,,,,,"その他","全員","なし","0","イベント",
"0",,,,,"お城ヨガ",,,2026-08-28T00:00:00.000Z,2026-08-28T00:00:00.000Z,,,,"朝日を浴びて深呼吸、お城ヨガで始まる新しい週末
予約は不要、金曜早朝六時半！桜の馬場にお集まりください
料金：500円（入園料別）無料貸しゴザ有",,,,,"玉藻公園指定管理者","玉藻公園",,,"34.350095","134.051018",,,,,,,,"その他","全員","なし","0","イベント",
"0",,,,,"お城ヨガ",,,2026-09-04T00:00:00.000Z,2026-09-04T00:00:00.000Z,,,,"朝日を浴びて深呼吸、お城ヨガで始まる新しい週末
予約は不要、金曜早朝六時半！桜の馬場にお集まりください
料金：500円（入園料別）無料貸しゴザ有",,,,,"玉藻公園指定管理者","玉藻公園",,,"34.350095","134.051018",,,,,,,,"その他","全員","なし","0","イベント",
"0",,,,,"お城ヨガ",,,2026-09-11T00:00:00.000Z,2026-09-11T00:00:00.000Z,,,,"朝日を浴びて深呼吸、お城ヨガで始まる新しい週末
予約は不要、金曜早朝六時半！桜の馬場にお集まりください
料金：500円（入園料別）無料貸しゴザ有",,,,,"玉藻公園指定管理者","玉藻公園",,,"34.350095","134.051018",,,,,,,,"その他","全員","なし","0","イベント",
"0",,,,,"お城ヨガ",,,2026-09-18T00:00:00.000Z,2026-09-18T00:00:00.000Z,,,,"朝日を浴びて深呼吸、お城ヨガで始まる新しい週末
予約は不要、金曜早朝六時半！桜の馬場にお集まりください
料金：500円（入園料別）無料貸しゴザ有",,,,,"玉藻公園指定管理者","玉藻公園",,,"34.350095","134.051018",,,,,,,,"その他","全員","なし","0","イベント",
"0",,,,,"お城ヨガ",,,2026-09-25T00:00:00.000Z,2026-09-25T00:00:00.000Z,,,,"朝日を浴びて深呼吸、お城ヨガで始まる新しい週末
予約は不要、金曜早朝六時半！桜の馬場にお集まりください
料金：500円（入園料別）無料貸しゴザ有",,,,,"玉藻公園指定管理者","玉藻公園",,,"34.350095","134.051018",,,,,,,,"その他","全員","なし","0","イベント",
